{ "frames": [
   {
    "filename": "0.ase",
    "frame": { "x": 0, "y": 0, "w": 44, "h": 34 },
    "rotated": false,
    "trimmed": false,
    "spriteSourceSize": { "x": 0, "y": 0, "w": 44, "h": 34 },
    "sourceSize": { "w": 44, "h": 34 },
    "duration": 140
   },
   {
    "filename": "1.ase",
    "frame": { "x": 44, "y": 0, "w": 44, "h": 34 },
    "rotated": false,
    "trimmed": false,
    "spriteSourceSize": { "x": 0, "y": 0, "w": 44, "h": 34 },
    "sourceSize": { "w": 44, "h": 34 },
    "duration": 140
   },
   {
    "filename": "2.ase",
    "frame": { "x": 88, "y": 0, "w": 44, "h": 34 },
    "rotated": false,
    "trimmed": false,
    "spriteSourceSize": { "x": 0, "y": 0, "w": 44, "h": 34 },
    "sourceSize": { "w": 44, "h": 34 },
    "duration": 140
   },
   {
    "filename": "3.ase",
    "frame": { "x": 132, "y": 0, "w": 44, "h": 34 },
    "rotated": false,
    "trimmed": false,
    "spriteSourceSize": { "x": 0, "y": 0, "w": 44, "h": 34 },
    "sourceSize": { "w": 44, "h": 34 },
    "duration": 140
   },
   {
    "filename": "4.ase",
    "frame": { "x": 176, "y": 0, "w": 44, "h": 34 },
    "rotated": false,
    "trimmed": false,
    "spriteSourceSize": { "x": 0, "y": 0, "w": 44, "h": 34 },
    "sourceSize": { "w": 44, "h": 34 },
    "duration": 140
   },
   {
    "filename": "5.ase",
    "frame": { "x": 220, "y": 0, "w": 44, "h": 34 },
    "rotated": false,
    "trimmed": false,
    "spriteSourceSize": { "x": 0, "y": 0, "w": 44, "h": 34 },
    "sourceSize": { "w": 44, "h": 34 },
    "duration": 140
   },
   {
    "filename": "6.ase",
    "frame": { "x": 264, "y": 0, "w": 44, "h": 34 },
    "rotated": false,
    "trimmed": false,
    "spriteSourceSize": { "x": 0, "y": 0, "w": 44, "h": 34 },
    "sourceSize": { "w": 44, "h": 34 },
    "duration": 140
   },
   {
    "filename": "7.ase",
    "frame": { "x": 308, "y": 0, "w": 44, "h": 34 },
    "rotated": false,
    "trimmed": false,
    "spriteSourceSize": { "x": 0, "y": 0, "w": 44, "h": 34 },
    "sourceSize": { "w": 44, "h": 34 },
    "duration": 140
   },
   {
    "filename": "8.ase",
    "frame": { "x": 352, "y": 0, "w": 44, "h": 34 },
    "rotated": false,
    "trimmed": false,
    "spriteSourceSize": { "x": 0, "y": 0, "w": 44, "h": 34 },
    "sourceSize": { "w": 44, "h": 34 },
    "duration": 140
   },
   {
    "filename": "9.ase",
    "frame": { "x": 396, "y": 0, "w": 44, "h": 34 },
    "rotated": false,
    "trimmed": false,
    "spriteSourceSize": { "x": 0, "y": 0, "w": 44, "h": 34 },
    "sourceSize": { "w": 44, "h": 34 },
    "duration": 140
   },
   {
    "filename": "10.ase",
    "frame": { "x": 440, "y": 0, "w": 44, "h": 34 },
    "rotated": false,
    "trimmed": false,
    "spriteSourceSize": { "x": 0, "y": 0, "w": 44, "h": 34 },
    "sourceSize": { "w": 44, "h": 34 },
    "duration": 140
   },
   {
    "filename": "11.ase",
    "frame": { "x": 484, "y": 0, "w": 44, "h": 34 },
    "rotated": false,
    "trimmed": false,
    "spriteSourceSize": { "x": 0, "y": 0, "w": 44, "h": 34 },
    "sourceSize": { "w": 44, "h": 34 },
    "duration": 140
   },
   {
    "filename": "12.ase",
    "frame": { "x": 528, "y": 0, "w": 44, "h": 34 },
    "rotated": false,
    "trimmed": false,
    "spriteSourceSize": { "x": 0, "y": 0, "w": 44, "h": 34 },
    "sourceSize": { "w": 44, "h": 34 },
    "duration": 140
   },
   {
    "filename": "13.ase",
    "frame": { "x": 572, "y": 0, "w": 44, "h": 34 },
    "rotated": false,
    "trimmed": false,
    "spriteSourceSize": { "x": 0, "y": 0, "w": 44, "h": 34 },
    "sourceSize": { "w": 44, "h": 34 },
    "duration": 140
   },
   {
    "filename": "14.ase",
    "frame": { "x": 616, "y": 0, "w": 44, "h": 34 },
    "rotated": false,
    "trimmed": false,
    "spriteSourceSize": { "x": 0, "y": 0, "w": 44, "h": 34 },
    "sourceSize": { "w": 44, "h": 34 },
    "duration": 140
   },
   {
    "filename": "15.ase",
    "frame": { "x": 660, "y": 0, "w": 44, "h": 34 },
    "rotated": false,
    "trimmed": false,
    "spriteSourceSize": { "x": 0, "y": 0, "w": 44, "h": 34 },
    "sourceSize": { "w": 44, "h": 34 },
    "duration": 140
   },
   {
    "filename": "16.ase",
    "frame": { "x": 704, "y": 0, "w": 44, "h": 34 },
    "rotated": false,
    "trimmed": false,
    "spriteSourceSize": { "x": 0, "y": 0, "w": 44, "h": 34 },
    "sourceSize": { "w": 44, "h": 34 },
    "duration": 140
   },
   {
    "filename": "17.ase",
    "frame": { "x": 748, "y": 0, "w": 44, "h": 34 },
    "rotated": false,
    "trimmed": false,
    "spriteSourceSize": { "x": 0, "y": 0, "w": 44, "h": 34 },
    "sourceSize": { "w": 44, "h": 34 },
    "duration": 140
   },
   {
    "filename": "18.ase",
    "frame": { "x": 792, "y": 0, "w": 44, "h": 34 },
    "rotated": false,
    "trimmed": false,
    "spriteSourceSize": { "x": 0, "y": 0, "w": 44, "h": 34 },
    "sourceSize": { "w": 44, "h": 34 },
    "duration": 140
   },
   {
    "filename": "19.ase",
    "frame": { "x": 836, "y": 0, "w": 44, "h": 34 },
    "rotated": false,
    "trimmed": false,
    "spriteSourceSize": { "x": 0, "y": 0, "w": 44, "h": 34 },
    "sourceSize": { "w": 44, "h": 34 },
    "duration": 140
   },
   {
    "filename": "20.ase",
    "frame": { "x": 880, "y": 0, "w": 44, "h": 34 },
    "rotated": false,
    "trimmed": false,
    "spriteSourceSize": { "x": 0, "y": 0, "w": 44, "h": 34 },
    "sourceSize": { "w": 44, "h": 34 },
    "duration": 140
   },
   {
    "filename": "21.ase",
    "frame": { "x": 924, "y": 0, "w": 44, "h": 34 },
    "rotated": false,
    "trimmed": false,
    "spriteSourceSize": { "x": 0, "y": 0, "w": 44, "h": 34 },
    "sourceSize": { "w": 44, "h": 34 },
    "duration": 140
   },
   {
    "filename": "22.ase",
    "frame": { "x": 968, "y": 0, "w": 44, "h": 34 },
    "rotated": false,
    "trimmed": false,
    "spriteSourceSize": { "x": 0, "y": 0, "w": 44, "h": 34 },
    "sourceSize": { "w": 44, "h": 34 },
    "duration": 140
   },
   {
    "filename": "23.ase",
    "frame": { "x": 1012, "y": 0, "w": 44, "h": 34 },
    "rotated": false,
    "trimmed": false,
    "spriteSourceSize": { "x": 0, "y": 0, "w": 44, "h": 34 },
    "sourceSize": { "w": 44, "h": 34 },
    "duration": 140
   },
   {
    "filename": "24.ase",
    "frame": { "x": 1056, "y": 0, "w": 44, "h": 34 },
    "rotated": false,
    "trimmed": false,
    "spriteSourceSize": { "x": 0, "y": 0, "w": 44, "h": 34 },
    "sourceSize": { "w": 44, "h": 34 },
    "duration": 140
   },
   {
    "filename": "25.ase",
    "frame": { "x": 1100, "y": 0, "w": 44, "h": 34 },
    "rotated": false,
    "trimmed": false,
    "spriteSourceSize": { "x": 0, "y": 0, "w": 44, "h": 34 },
    "sourceSize": { "w": 44, "h": 34 },
    "duration": 140
   },
   {
    "filename": "26.ase",
    "frame": { "x": 1144, "y": 0, "w": 44, "h": 34 },
    "rotated": false,
    "trimmed": false,
    "spriteSourceSize": { "x": 0, "y": 0, "w": 44, "h": 34 },
    "sourceSize": { "w": 44, "h": 34 },
    "duration": 140
   },
   {
    "filename": "27.ase",
    "frame": { "x": 1188, "y": 0, "w": 44, "h": 34 },
    "rotated": false,
    "trimmed": false,
    "spriteSourceSize": { "x": 0, "y": 0, "w": 44, "h": 34 },
    "sourceSize": { "w": 44, "h": 34 },
    "duration": 140
   },
   {
    "filename": "28.ase",
    "frame": { "x": 1232, "y": 0, "w": 44, "h": 34 },
    "rotated": false,
    "trimmed": false,
    "spriteSourceSize": { "x": 0, "y": 0, "w": 44, "h": 34 },
    "sourceSize": { "w": 44, "h": 34 },
    "duration": 140
   },
   {
    "filename": "29.ase",
    "frame": { "x": 1276, "y": 0, "w": 44, "h": 34 },
    "rotated": false,
    "trimmed": false,
    "spriteSourceSize": { "x": 0, "y": 0, "w": 44, "h": 34 },
    "sourceSize": { "w": 44, "h": 34 },
    "duration": 140
   },
   {
    "filename": "30.ase",
    "frame": { "x": 1320, "y": 0, "w": 44, "h": 34 },
    "rotated": false,
    "trimmed": false,
    "spriteSourceSize": { "x": 0, "y": 0, "w": 44, "h": 34 },
    "sourceSize": { "w": 44, "h": 34 },
    "duration": 140
   },
   {
    "filename": "31.ase",
    "frame": { "x": 1364, "y": 0, "w": 44, "h": 34 },
    "rotated": false,
    "trimmed": false,
    "spriteSourceSize": { "x": 0, "y": 0, "w": 44, "h": 34 },
    "sourceSize": { "w": 44, "h": 34 },
    "duration": 140
   },
   {
    "filename": "32.ase",
    "frame": { "x": 1408, "y": 0, "w": 44, "h": 34 },
    "rotated": false,
    "trimmed": false,
    "spriteSourceSize": { "x": 0, "y": 0, "w": 44, "h": 34 },
    "sourceSize": { "w": 44, "h": 34 },
    "duration": 140
   },
   {
    "filename": "33.ase",
    "frame": { "x": 1452, "y": 0, "w": 44, "h": 34 },
    "rotated": false,
    "trimmed": false,
    "spriteSourceSize": { "x": 0, "y": 0, "w": 44, "h": 34 },
    "sourceSize": { "w": 44, "h": 34 },
    "duration": 140
   },
   {
    "filename": "34.ase",
    "frame": { "x": 1496, "y": 0, "w": 44, "h": 34 },
    "rotated": false,
    "trimmed": false,
    "spriteSourceSize": { "x": 0, "y": 0, "w": 44, "h": 34 },
    "sourceSize": { "w": 44, "h": 34 },
    "duration": 140
   },
   {
    "filename": "35.ase",
    "frame": { "x": 1540, "y": 0, "w": 44, "h": 34 },
    "rotated": false,
    "trimmed": false,
    "spriteSourceSize": { "x": 0, "y": 0, "w": 44, "h": 34 },
    "sourceSize": { "w": 44, "h": 34 },
    "duration": 140
   },
   {
    "filename": "36.ase",
    "frame": { "x": 1584, "y": 0, "w": 44, "h": 34 },
    "rotated": false,
    "trimmed": false,
    "spriteSourceSize": { "x": 0, "y": 0, "w": 44, "h": 34 },
    "sourceSize": { "w": 44, "h": 34 },
    "duration": 140
   },
   {
    "filename": "37.ase",
    "frame": { "x": 1628, "y": 0, "w": 44, "h": 34 },
    "rotated": false,
    "trimmed": false,
    "spriteSourceSize": { "x": 0, "y": 0, "w": 44, "h": 34 },
    "sourceSize": { "w": 44, "h": 34 },
    "duration": 140
   },
   {
    "filename": "38.ase",
    "frame": { "x": 1672, "y": 0, "w": 44, "h": 34 },
    "rotated": false,
    "trimmed": false,
    "spriteSourceSize": { "x": 0, "y": 0, "w": 44, "h": 34 },
    "sourceSize": { "w": 44, "h": 34 },
    "duration": 140
   },
   {
    "filename": "39.ase",
    "frame": { "x": 1716, "y": 0, "w": 44, "h": 34 },
    "rotated": false,
    "trimmed": false,
    "spriteSourceSize": { "x": 0, "y": 0, "w": 44, "h": 34 },
    "sourceSize": { "w": 44, "h": 34 },
    "duration": 140
   },
   {
    "filename": "40.ase",
    "frame": { "x": 1760, "y": 0, "w": 44, "h": 34 },
    "rotated": false,
    "trimmed": false,
    "spriteSourceSize": { "x": 0, "y": 0, "w": 44, "h": 34 },
    "sourceSize": { "w": 44, "h": 34 },
    "duration": 140
   },
   {
    "filename": "41.ase",
    "frame": { "x": 1804, "y": 0, "w": 44, "h": 34 },
    "rotated": false,
    "trimmed": false,
    "spriteSourceSize": { "x": 0, "y": 0, "w": 44, "h": 34 },
    "sourceSize": { "w": 44, "h": 34 },
    "duration": 140
   },
   {
    "filename": "42.ase",
    "frame": { "x": 1848, "y": 0, "w": 44, "h": 34 },
    "rotated": false,
    "trimmed": false,
    "spriteSourceSize": { "x": 0, "y": 0, "w": 44, "h": 34 },
    "sourceSize": { "w": 44, "h": 34 },
    "duration": 140
   },
   {
    "filename": "43.ase",
    "frame": { "x": 1892, "y": 0, "w": 44, "h": 34 },
    "rotated": false,
    "trimmed": false,
    "spriteSourceSize": { "x": 0, "y": 0, "w": 44, "h": 34 },
    "sourceSize": { "w": 44, "h": 34 },
    "duration": 140
   },
   {
    "filename": "44.ase",
    "frame": { "x": 1936, "y": 0, "w": 44, "h": 34 },
    "rotated": false,
    "trimmed": false,
    "spriteSourceSize": { "x": 0, "y": 0, "w": 44, "h": 34 },
    "sourceSize": { "w": 44, "h": 34 },
    "duration": 140
   },
   {
    "filename": "45.ase",
    "frame": { "x": 1980, "y": 0, "w": 44, "h": 34 },
    "rotated": false,
    "trimmed": false,
    "spriteSourceSize": { "x": 0, "y": 0, "w": 44, "h": 34 },
    "sourceSize": { "w": 44, "h": 34 },
    "duration": 140
   },
   {
    "filename": "46.ase",
    "frame": { "x": 2024, "y": 0, "w": 44, "h": 34 },
    "rotated": false,
    "trimmed": false,
    "spriteSourceSize": { "x": 0, "y": 0, "w": 44, "h": 34 },
    "sourceSize": { "w": 44, "h": 34 },
    "duration": 140
   },
   {
    "filename": "47.ase",
    "frame": { "x": 2068, "y": 0, "w": 44, "h": 34 },
    "rotated": false,
    "trimmed": false,
    "spriteSourceSize": { "x": 0, "y": 0, "w": 44, "h": 34 },
    "sourceSize": { "w": 44, "h": 34 },
    "duration": 140
   },
   {
    "filename": "48.ase",
    "frame": { "x": 2112, "y": 0, "w": 44, "h": 34 },
    "rotated": false,
    "trimmed": false,
    "spriteSourceSize": { "x": 0, "y": 0, "w": 44, "h": 34 },
    "sourceSize": { "w": 44, "h": 34 },
    "duration": 140
   },
   {
    "filename": "49.ase",
    "frame": { "x": 2156, "y": 0, "w": 44, "h": 34 },
    "rotated": false,
    "trimmed": false,
    "spriteSourceSize": { "x": 0, "y": 0, "w": 44, "h": 34 },
    "sourceSize": { "w": 44, "h": 34 },
    "duration": 140
   }
 ],
 "meta": {
  "app": "https://www.aseprite.org/",
  "version": "1.3.9.2-x64",
  "image": "right_default.png",
  "format": "RGBA8888",
  "size": { "w": 2200, "h": 34 },
  "scale": "1"
 }
}
