{
    "namespace": "edu_featured",

    "custom_featured_button_content": {
      "type": "panel",
      "controls": [
        {
          "button_label@common_buttons.new_ui_binding_button_label": {
            "layer": 50
          }
        },
        {
          "fg_default_left": {
            "type": "image",
            "texture": "textures/ui/fg_default_left",
            "size": [ 35 , 28 ],
            "anchor_from": "top_left",
            "anchor_to": "top_left",
            "offset": [ -2, -2 ],
            "layer": 10,
            "ignored": "(not $default_state)",
            "uv_size": [ 70 , 56 ],
            "uv": "@edu_featured.Animation",
            "disable_anim_fast_forward": true
          }
        },
        {
          "fg_default_left_middle": {
            "type": "image",
            "texture": "textures/ui/fg_default_left_middle",
            "size": [ 35 , 28 ],
            "anchor_from": "top_left",
            "anchor_to": "top_left",
            "offset": [ 33, -2 ],
            "layer": 10,
            "ignored": "(not $default_state)",
            "uv_size": [ 70 , 56 ],
            "uv": "@edu_featured.Animation",
            "disable_anim_fast_forward": true
          }
        },
        {
          "fg_default_right": {
            "type": "image",
            "texture": "textures/ui/fg_default_right",
            "size": [ 35 , 32 ],
            "anchor_from": "top_right",
            "anchor_to": "top_right",
            "offset": [ 7.5, -6 ],
            "layer": 10,
            "ignored": "(not $default_state)",
            "uv_size": [ 70 , 64 ],
            "uv": "@edu_featured.Animation",
            "disable_anim_fast_forward": true
          }
        },
        {
            "fg_default_right_middle": {
                "type": "image",
                "texture": "textures/ui/fg_default_right_middle",
                "size": [ 35 , 32 ],
                "anchor_from": "top_right",
                "anchor_to": "top_right",
                "offset": [ -29.5, -6 ],
                "layer": 10,
                "ignored": "(not $default_state)",
                "uv_size": [ 70 , 64 ],
                "uv": "@edu_featured.Animation",
                "disable_anim_fast_forward": true
            }
        },
        {
          "fg_hover_left": {
            "type": "image",
            "texture": "textures/ui/fg_hover_left",
            "size": [ 35 , 28 ],
            "anchor_from": "top_left",
            "anchor_to": "top_left",
            "offset": [ -11, -2 ],
            "layer": 10,
            "ignored": "($default_state)",
            "uv_size": [ 70 , 56 ],
            "uv": "@edu_featured.Animation",
            "disable_anim_fast_forward": true
          }
        },
        {
            "fg_hover_right": {
                "type": "image",
                "texture": "textures/ui/fg_hover_right",
                "size": [ 37 , 36 ],
                "anchor_from": "top_right",
                "anchor_to": "top_right",
                "offset": [ 10, -6 ],
                "layer": 10,
                "ignored": "($default_state)",
                "uv_size": [ 74 , 72 ],
                "uv": "@edu_featured.Animation",
                "disable_anim_fast_forward": true
            }
        },
        {
            "fg_hover_right_middle": {
                "type": "image",
                "texture": "textures/ui/fg_hover_right_middle",
                "size": [ 37 , 36 ],
                "anchor_from": "top_right",
                "anchor_to": "top_right",
                "offset": [ -29, -6 ],
                "layer": 10,
                "ignored": "($default_state)",
                "uv_size": [ 74 , 72 ],
                "uv": "@edu_featured.Animation",
                "disable_anim_fast_forward": true
            }
        }
      ]
    },
    "Animation": {
      "anim_type": "aseprite_flip_book",
      "initial_uv": [ 0, 0 ]
    },
    "featured_button@common_buttons.light_content_button": {
        "$default_button_texture": "textures/ui/bg_default",
        "$hover_button_texture": "textures/ui/bg_hover",
        "$pressed_button_texture": "textures/ui/bg_hover",
        "$default_text_color": [ 1, 1, 1 ],
        "$light_button_hover_text_color": [ 0.9882352941176471, 0.9019607843137255, 0.615686274509804 ],
        "$light_button_pressed_text_color": [ 0.9882352941176471, 0.9019607843137255, 0.615686274509804 ],
        "$light_border_default_color": [ 0, 0, 0 ],
        "$light_border_hover_color": [ 1, 1, 1 ],
        "$light_border_pressed_color": [ 1, 1, 1 ],

        "$button_content": "edu_featured.custom_featured_button_content",
        "size": [ "100% - 2px", "100% - 2px" ],

        // Button name (for EDU will only be "button.featured_category")
        "$pressed_button_name": "button.featured_category",

        // Button text (newAndFeatured.name is defined in the resource pack)
        "$button_text": "library.category.title.computerScience.hourOfCode",

        // Required for button text to function
        "$button_text_binding_type": "none",
        "$button_binding_condition": "none",
        "$button_text_grid_collection_name": "",

        // Without this the button contents will shift down slightly when clicked
        // to simulate a button being pressed. By setting to [ 0, 0 ], the contents
        // will not move when pressed.
        "$button_pressed_offset": [ 0, 0 ],

        "property_bag": {
            "#category": "new_featured"
        }
    }

  }