{ "frames": [
   {
    "filename": "EDU HOUR OF CODE (DEFAULT FG) #DEFAULT 0.aseprite",
    "frame": { "x": 0, "y": 0, "w": 70, "h": 64 },
    "rotated": false,
    "trimmed": false,
    "spriteSourceSize": { "x": 0, "y": 0, "w": 70, "h": 64 },
    "sourceSize": { "w": 70, "h": 64 },
    "duration": 100
   },
   {
    "filename": "EDU HOUR OF CODE (DEFAULT FG) #DEFAULT 1.aseprite",
    "frame": { "x": 0, "y": 0, "w": 70, "h": 64 },
    "rotated": false,
    "trimmed": false,
    "spriteSourceSize": { "x": 0, "y": 0, "w": 70, "h": 64 },
    "sourceSize": { "w": 70, "h": 64 },
    "duration": 100
   },
   {
    "filename": "EDU HOUR OF CODE (DEFAULT FG) #DEFAULT 2.aseprite",
    "frame": { "x": 70, "y": 0, "w": 70, "h": 64 },
    "rotated": false,
    "trimmed": false,
    "spriteSourceSize": { "x": 0, "y": 0, "w": 70, "h": 64 },
    "sourceSize": { "w": 70, "h": 64 },
    "duration": 100
   },
   {
    "filename": "EDU HOUR OF CODE (DEFAULT FG) #DEFAULT 3.aseprite",
    "frame": { "x": 140, "y": 0, "w": 70, "h": 64 },
    "rotated": false,
    "trimmed": false,
    "spriteSourceSize": { "x": 0, "y": 0, "w": 70, "h": 64 },
    "sourceSize": { "w": 70, "h": 64 },
    "duration": 100
   },
   {
    "filename": "EDU HOUR OF CODE (DEFAULT FG) #DEFAULT 4.aseprite",
    "frame": { "x": 210, "y": 0, "w": 70, "h": 64 },
    "rotated": false,
    "trimmed": false,
    "spriteSourceSize": { "x": 0, "y": 0, "w": 70, "h": 64 },
    "sourceSize": { "w": 70, "h": 64 },
    "duration": 100
   },
   {
    "filename": "EDU HOUR OF CODE (DEFAULT FG) #DEFAULT 5.aseprite",
    "frame": { "x": 280, "y": 0, "w": 70, "h": 64 },
    "rotated": false,
    "trimmed": false,
    "spriteSourceSize": { "x": 0, "y": 0, "w": 70, "h": 64 },
    "sourceSize": { "w": 70, "h": 64 },
    "duration": 100
   },
   {
    "filename": "EDU HOUR OF CODE (DEFAULT FG) #DEFAULT 6.aseprite",
    "frame": { "x": 0, "y": 0, "w": 70, "h": 64 },
    "rotated": false,
    "trimmed": false,
    "spriteSourceSize": { "x": 0, "y": 0, "w": 70, "h": 64 },
    "sourceSize": { "w": 70, "h": 64 },
    "duration": 100
   },
   {
    "filename": "EDU HOUR OF CODE (DEFAULT FG) #DEFAULT 7.aseprite",
    "frame": { "x": 350, "y": 0, "w": 70, "h": 64 },
    "rotated": false,
    "trimmed": false,
    "spriteSourceSize": { "x": 0, "y": 0, "w": 70, "h": 64 },
    "sourceSize": { "w": 70, "h": 64 },
    "duration": 100
   },
   {
    "filename": "EDU HOUR OF CODE (DEFAULT FG) #DEFAULT 8.aseprite",
    "frame": { "x": 420, "y": 0, "w": 70, "h": 64 },
    "rotated": false,
    "trimmed": false,
    "spriteSourceSize": { "x": 0, "y": 0, "w": 70, "h": 64 },
    "sourceSize": { "w": 70, "h": 64 },
    "duration": 100
   },
   {
    "filename": "EDU HOUR OF CODE (DEFAULT FG) #DEFAULT 9.aseprite",
    "frame": { "x": 490, "y": 0, "w": 70, "h": 64 },
    "rotated": false,
    "trimmed": false,
    "spriteSourceSize": { "x": 0, "y": 0, "w": 70, "h": 64 },
    "sourceSize": { "w": 70, "h": 64 },
    "duration": 100
   },
   {
    "filename": "EDU HOUR OF CODE (DEFAULT FG) #DEFAULT 10.aseprite",
    "frame": { "x": 560, "y": 0, "w": 70, "h": 64 },
    "rotated": false,
    "trimmed": false,
    "spriteSourceSize": { "x": 0, "y": 0, "w": 70, "h": 64 },
    "sourceSize": { "w": 70, "h": 64 },
    "duration": 100
   },
   {
    "filename": "EDU HOUR OF CODE (DEFAULT FG) #DEFAULT 11.aseprite",
    "frame": { "x": 630, "y": 0, "w": 70, "h": 64 },
    "rotated": false,
    "trimmed": false,
    "spriteSourceSize": { "x": 0, "y": 0, "w": 70, "h": 64 },
    "sourceSize": { "w": 70, "h": 64 },
    "duration": 100
   },
   {
    "filename": "EDU HOUR OF CODE (DEFAULT FG) #DEFAULT 12.aseprite",
    "frame": { "x": 700, "y": 0, "w": 70, "h": 64 },
    "rotated": false,
    "trimmed": false,
    "spriteSourceSize": { "x": 0, "y": 0, "w": 70, "h": 64 },
    "sourceSize": { "w": 70, "h": 64 },
    "duration": 100
   },
   {
    "filename": "EDU HOUR OF CODE (DEFAULT FG) #DEFAULT 13.aseprite",
    "frame": { "x": 770, "y": 0, "w": 70, "h": 64 },
    "rotated": false,
    "trimmed": false,
    "spriteSourceSize": { "x": 0, "y": 0, "w": 70, "h": 64 },
    "sourceSize": { "w": 70, "h": 64 },
    "duration": 100
   },
   {
    "filename": "EDU HOUR OF CODE (DEFAULT FG) #DEFAULT 14.aseprite",
    "frame": { "x": 70, "y": 0, "w": 70, "h": 64 },
    "rotated": false,
    "trimmed": false,
    "spriteSourceSize": { "x": 0, "y": 0, "w": 70, "h": 64 },
    "sourceSize": { "w": 70, "h": 64 },
    "duration": 100
   },
   {
    "filename": "EDU HOUR OF CODE (DEFAULT FG) #DEFAULT 15.aseprite",
    "frame": { "x": 140, "y": 0, "w": 70, "h": 64 },
    "rotated": false,
    "trimmed": false,
    "spriteSourceSize": { "x": 0, "y": 0, "w": 70, "h": 64 },
    "sourceSize": { "w": 70, "h": 64 },
    "duration": 100
   },
   {
    "filename": "EDU HOUR OF CODE (DEFAULT FG) #DEFAULT 16.aseprite",
    "frame": { "x": 210, "y": 0, "w": 70, "h": 64 },
    "rotated": false,
    "trimmed": false,
    "spriteSourceSize": { "x": 0, "y": 0, "w": 70, "h": 64 },
    "sourceSize": { "w": 70, "h": 64 },
    "duration": 100
   },
   {
    "filename": "EDU HOUR OF CODE (DEFAULT FG) #DEFAULT 17.aseprite",
    "frame": { "x": 280, "y": 0, "w": 70, "h": 64 },
    "rotated": false,
    "trimmed": false,
    "spriteSourceSize": { "x": 0, "y": 0, "w": 70, "h": 64 },
    "sourceSize": { "w": 70, "h": 64 },
    "duration": 100
   },
   {
    "filename": "EDU HOUR OF CODE (DEFAULT FG) #DEFAULT 18.aseprite",
    "frame": { "x": 840, "y": 0, "w": 70, "h": 64 },
    "rotated": false,
    "trimmed": false,
    "spriteSourceSize": { "x": 0, "y": 0, "w": 70, "h": 64 },
    "sourceSize": { "w": 70, "h": 64 },
    "duration": 100
   },
   {
    "filename": "EDU HOUR OF CODE (DEFAULT FG) #DEFAULT 19.aseprite",
    "frame": { "x": 840, "y": 0, "w": 70, "h": 64 },
    "rotated": false,
    "trimmed": false,
    "spriteSourceSize": { "x": 0, "y": 0, "w": 70, "h": 64 },
    "sourceSize": { "w": 70, "h": 64 },
    "duration": 100
   },
   {
    "filename": "EDU HOUR OF CODE (DEFAULT FG) #DEFAULT 20.aseprite",
    "frame": { "x": 70, "y": 0, "w": 70, "h": 64 },
    "rotated": false,
    "trimmed": false,
    "spriteSourceSize": { "x": 0, "y": 0, "w": 70, "h": 64 },
    "sourceSize": { "w": 70, "h": 64 },
    "duration": 100
   },
   {
    "filename": "EDU HOUR OF CODE (DEFAULT FG) #DEFAULT 21.aseprite",
    "frame": { "x": 910, "y": 0, "w": 70, "h": 64 },
    "rotated": false,
    "trimmed": false,
    "spriteSourceSize": { "x": 0, "y": 0, "w": 70, "h": 64 },
    "sourceSize": { "w": 70, "h": 64 },
    "duration": 100
   },
   {
    "filename": "EDU HOUR OF CODE (DEFAULT FG) #DEFAULT 22.aseprite",
    "frame": { "x": 980, "y": 0, "w": 70, "h": 64 },
    "rotated": false,
    "trimmed": false,
    "spriteSourceSize": { "x": 0, "y": 0, "w": 70, "h": 64 },
    "sourceSize": { "w": 70, "h": 64 },
    "duration": 100
   },
   {
    "filename": "EDU HOUR OF CODE (DEFAULT FG) #DEFAULT 23.aseprite",
    "frame": { "x": 1050, "y": 0, "w": 70, "h": 64 },
    "rotated": false,
    "trimmed": false,
    "spriteSourceSize": { "x": 0, "y": 0, "w": 70, "h": 64 },
    "sourceSize": { "w": 70, "h": 64 },
    "duration": 100
   },
   {
    "filename": "EDU HOUR OF CODE (DEFAULT FG) #DEFAULT 24.aseprite",
    "frame": { "x": 0, "y": 0, "w": 70, "h": 64 },
    "rotated": false,
    "trimmed": false,
    "spriteSourceSize": { "x": 0, "y": 0, "w": 70, "h": 64 },
    "sourceSize": { "w": 70, "h": 64 },
    "duration": 100
   },
   {
    "filename": "EDU HOUR OF CODE (DEFAULT FG) #DEFAULT 25.aseprite",
    "frame": { "x": 0, "y": 0, "w": 70, "h": 64 },
    "rotated": false,
    "trimmed": false,
    "spriteSourceSize": { "x": 0, "y": 0, "w": 70, "h": 64 },
    "sourceSize": { "w": 70, "h": 64 },
    "duration": 100
   },
   {
    "filename": "EDU HOUR OF CODE (DEFAULT FG) #DEFAULT 26.aseprite",
    "frame": { "x": 70, "y": 0, "w": 70, "h": 64 },
    "rotated": false,
    "trimmed": false,
    "spriteSourceSize": { "x": 0, "y": 0, "w": 70, "h": 64 },
    "sourceSize": { "w": 70, "h": 64 },
    "duration": 100
   },
   {
    "filename": "EDU HOUR OF CODE (DEFAULT FG) #DEFAULT 27.aseprite",
    "frame": { "x": 140, "y": 0, "w": 70, "h": 64 },
    "rotated": false,
    "trimmed": false,
    "spriteSourceSize": { "x": 0, "y": 0, "w": 70, "h": 64 },
    "sourceSize": { "w": 70, "h": 64 },
    "duration": 100
   },
   {
    "filename": "EDU HOUR OF CODE (DEFAULT FG) #DEFAULT 28.aseprite",
    "frame": { "x": 210, "y": 0, "w": 70, "h": 64 },
    "rotated": false,
    "trimmed": false,
    "spriteSourceSize": { "x": 0, "y": 0, "w": 70, "h": 64 },
    "sourceSize": { "w": 70, "h": 64 },
    "duration": 100
   },
   {
    "filename": "EDU HOUR OF CODE (DEFAULT FG) #DEFAULT 29.aseprite",
    "frame": { "x": 280, "y": 0, "w": 70, "h": 64 },
    "rotated": false,
    "trimmed": false,
    "spriteSourceSize": { "x": 0, "y": 0, "w": 70, "h": 64 },
    "sourceSize": { "w": 70, "h": 64 },
    "duration": 100
   },
   {
    "filename": "EDU HOUR OF CODE (DEFAULT FG) #DEFAULT 30.aseprite",
    "frame": { "x": 0, "y": 0, "w": 70, "h": 64 },
    "rotated": false,
    "trimmed": false,
    "spriteSourceSize": { "x": 0, "y": 0, "w": 70, "h": 64 },
    "sourceSize": { "w": 70, "h": 64 },
    "duration": 100
   },
   {
    "filename": "EDU HOUR OF CODE (DEFAULT FG) #DEFAULT 31.aseprite",
    "frame": { "x": 0, "y": 0, "w": 70, "h": 64 },
    "rotated": false,
    "trimmed": false,
    "spriteSourceSize": { "x": 0, "y": 0, "w": 70, "h": 64 },
    "sourceSize": { "w": 70, "h": 64 },
    "duration": 100
   },
   {
    "filename": "EDU HOUR OF CODE (DEFAULT FG) #DEFAULT 32.aseprite",
    "frame": { "x": 1120, "y": 0, "w": 70, "h": 64 },
    "rotated": false,
    "trimmed": false,
    "spriteSourceSize": { "x": 0, "y": 0, "w": 70, "h": 64 },
    "sourceSize": { "w": 70, "h": 64 },
    "duration": 100
   },
   {
    "filename": "EDU HOUR OF CODE (DEFAULT FG) #DEFAULT 33.aseprite",
    "frame": { "x": 1190, "y": 0, "w": 70, "h": 64 },
    "rotated": false,
    "trimmed": false,
    "spriteSourceSize": { "x": 0, "y": 0, "w": 70, "h": 64 },
    "sourceSize": { "w": 70, "h": 64 },
    "duration": 100
   },
   {
    "filename": "EDU HOUR OF CODE (DEFAULT FG) #DEFAULT 34.aseprite",
    "frame": { "x": 1260, "y": 0, "w": 70, "h": 64 },
    "rotated": false,
    "trimmed": false,
    "spriteSourceSize": { "x": 0, "y": 0, "w": 70, "h": 64 },
    "sourceSize": { "w": 70, "h": 64 },
    "duration": 100
   },
   {
    "filename": "EDU HOUR OF CODE (DEFAULT FG) #DEFAULT 35.aseprite",
    "frame": { "x": 1330, "y": 0, "w": 70, "h": 64 },
    "rotated": false,
    "trimmed": false,
    "spriteSourceSize": { "x": 0, "y": 0, "w": 70, "h": 64 },
    "sourceSize": { "w": 70, "h": 64 },
    "duration": 100
   },
   {
    "filename": "EDU HOUR OF CODE (DEFAULT FG) #DEFAULT 36.aseprite",
    "frame": { "x": 1400, "y": 0, "w": 70, "h": 64 },
    "rotated": false,
    "trimmed": false,
    "spriteSourceSize": { "x": 0, "y": 0, "w": 70, "h": 64 },
    "sourceSize": { "w": 70, "h": 64 },
    "duration": 100
   },
   {
    "filename": "EDU HOUR OF CODE (DEFAULT FG) #DEFAULT 37.aseprite",
    "frame": { "x": 1470, "y": 0, "w": 70, "h": 64 },
    "rotated": false,
    "trimmed": false,
    "spriteSourceSize": { "x": 0, "y": 0, "w": 70, "h": 64 },
    "sourceSize": { "w": 70, "h": 64 },
    "duration": 100
   },
   {
    "filename": "EDU HOUR OF CODE (DEFAULT FG) #DEFAULT 38.aseprite",
    "frame": { "x": 1540, "y": 0, "w": 70, "h": 64 },
    "rotated": false,
    "trimmed": false,
    "spriteSourceSize": { "x": 0, "y": 0, "w": 70, "h": 64 },
    "sourceSize": { "w": 70, "h": 64 },
    "duration": 100
   },
   {
    "filename": "EDU HOUR OF CODE (DEFAULT FG) #DEFAULT 39.aseprite",
    "frame": { "x": 1610, "y": 0, "w": 70, "h": 64 },
    "rotated": false,
    "trimmed": false,
    "spriteSourceSize": { "x": 0, "y": 0, "w": 70, "h": 64 },
    "sourceSize": { "w": 70, "h": 64 },
    "duration": 100
   },
   {
    "filename": "EDU HOUR OF CODE (DEFAULT FG) #DEFAULT 40.aseprite",
    "frame": { "x": 1680, "y": 0, "w": 70, "h": 64 },
    "rotated": false,
    "trimmed": false,
    "spriteSourceSize": { "x": 0, "y": 0, "w": 70, "h": 64 },
    "sourceSize": { "w": 70, "h": 64 },
    "duration": 100
   },
   {
    "filename": "EDU HOUR OF CODE (DEFAULT FG) #DEFAULT 41.aseprite",
    "frame": { "x": 280, "y": 0, "w": 70, "h": 64 },
    "rotated": false,
    "trimmed": false,
    "spriteSourceSize": { "x": 0, "y": 0, "w": 70, "h": 64 },
    "sourceSize": { "w": 70, "h": 64 },
    "duration": 100
   },
   {
    "filename": "EDU HOUR OF CODE (DEFAULT FG) #DEFAULT 42.aseprite",
    "frame": { "x": 0, "y": 0, "w": 70, "h": 64 },
    "rotated": false,
    "trimmed": false,
    "spriteSourceSize": { "x": 0, "y": 0, "w": 70, "h": 64 },
    "sourceSize": { "w": 70, "h": 64 },
    "duration": 100
   },
   {
    "filename": "EDU HOUR OF CODE (DEFAULT FG) #DEFAULT 43.aseprite",
    "frame": { "x": 0, "y": 0, "w": 70, "h": 64 },
    "rotated": false,
    "trimmed": false,
    "spriteSourceSize": { "x": 0, "y": 0, "w": 70, "h": 64 },
    "sourceSize": { "w": 70, "h": 64 },
    "duration": 100
   },
   {
    "filename": "EDU HOUR OF CODE (DEFAULT FG) #DEFAULT 44.aseprite",
    "frame": { "x": 70, "y": 0, "w": 70, "h": 64 },
    "rotated": false,
    "trimmed": false,
    "spriteSourceSize": { "x": 0, "y": 0, "w": 70, "h": 64 },
    "sourceSize": { "w": 70, "h": 64 },
    "duration": 100
   },
   {
    "filename": "EDU HOUR OF CODE (DEFAULT FG) #DEFAULT 45.aseprite",
    "frame": { "x": 140, "y": 0, "w": 70, "h": 64 },
    "rotated": false,
    "trimmed": false,
    "spriteSourceSize": { "x": 0, "y": 0, "w": 70, "h": 64 },
    "sourceSize": { "w": 70, "h": 64 },
    "duration": 100
   },
   {
    "filename": "EDU HOUR OF CODE (DEFAULT FG) #DEFAULT 46.aseprite",
    "frame": { "x": 210, "y": 0, "w": 70, "h": 64 },
    "rotated": false,
    "trimmed": false,
    "spriteSourceSize": { "x": 0, "y": 0, "w": 70, "h": 64 },
    "sourceSize": { "w": 70, "h": 64 },
    "duration": 100
   },
   {
    "filename": "EDU HOUR OF CODE (DEFAULT FG) #DEFAULT 47.aseprite",
    "frame": { "x": 280, "y": 0, "w": 70, "h": 64 },
    "rotated": false,
    "trimmed": false,
    "spriteSourceSize": { "x": 0, "y": 0, "w": 70, "h": 64 },
    "sourceSize": { "w": 70, "h": 64 },
    "duration": 100
   },
   {
    "filename": "EDU HOUR OF CODE (DEFAULT FG) #DEFAULT 48.aseprite",
    "frame": { "x": 1750, "y": 0, "w": 70, "h": 64 },
    "rotated": false,
    "trimmed": false,
    "spriteSourceSize": { "x": 0, "y": 0, "w": 70, "h": 64 },
    "sourceSize": { "w": 70, "h": 64 },
    "duration": 100
   },
   {
    "filename": "EDU HOUR OF CODE (DEFAULT FG) #DEFAULT 49.aseprite",
    "frame": { "x": 1750, "y": 0, "w": 70, "h": 64 },
    "rotated": false,
    "trimmed": false,
    "spriteSourceSize": { "x": 0, "y": 0, "w": 70, "h": 64 },
    "sourceSize": { "w": 70, "h": 64 },
    "duration": 100
   },
   {
    "filename": "EDU HOUR OF CODE (DEFAULT FG) #DEFAULT 50.aseprite",
    "frame": { "x": 1820, "y": 0, "w": 70, "h": 64 },
    "rotated": false,
    "trimmed": false,
    "spriteSourceSize": { "x": 0, "y": 0, "w": 70, "h": 64 },
    "sourceSize": { "w": 70, "h": 64 },
    "duration": 100
   },
   {
    "filename": "EDU HOUR OF CODE (DEFAULT FG) #DEFAULT 51.aseprite",
    "frame": { "x": 1890, "y": 0, "w": 70, "h": 64 },
    "rotated": false,
    "trimmed": false,
    "spriteSourceSize": { "x": 0, "y": 0, "w": 70, "h": 64 },
    "sourceSize": { "w": 70, "h": 64 },
    "duration": 100
   },
   {
    "filename": "EDU HOUR OF CODE (DEFAULT FG) #DEFAULT 52.aseprite",
    "frame": { "x": 1960, "y": 0, "w": 70, "h": 64 },
    "rotated": false,
    "trimmed": false,
    "spriteSourceSize": { "x": 0, "y": 0, "w": 70, "h": 64 },
    "sourceSize": { "w": 70, "h": 64 },
    "duration": 100
   },
   {
    "filename": "EDU HOUR OF CODE (DEFAULT FG) #DEFAULT 53.aseprite",
    "frame": { "x": 2030, "y": 0, "w": 70, "h": 64 },
    "rotated": false,
    "trimmed": false,
    "spriteSourceSize": { "x": 0, "y": 0, "w": 70, "h": 64 },
    "sourceSize": { "w": 70, "h": 64 },
    "duration": 100
   },
   {
    "filename": "EDU HOUR OF CODE (DEFAULT FG) #DEFAULT 54.aseprite",
    "frame": { "x": 0, "y": 0, "w": 70, "h": 64 },
    "rotated": false,
    "trimmed": false,
    "spriteSourceSize": { "x": 0, "y": 0, "w": 70, "h": 64 },
    "sourceSize": { "w": 70, "h": 64 },
    "duration": 100
   },
   {
    "filename": "EDU HOUR OF CODE (DEFAULT FG) #DEFAULT 55.aseprite",
    "frame": { "x": 0, "y": 0, "w": 70, "h": 64 },
    "rotated": false,
    "trimmed": false,
    "spriteSourceSize": { "x": 0, "y": 0, "w": 70, "h": 64 },
    "sourceSize": { "w": 70, "h": 64 },
    "duration": 100
   },
   {
    "filename": "EDU HOUR OF CODE (DEFAULT FG) #DEFAULT 56.aseprite",
    "frame": { "x": 70, "y": 0, "w": 70, "h": 64 },
    "rotated": false,
    "trimmed": false,
    "spriteSourceSize": { "x": 0, "y": 0, "w": 70, "h": 64 },
    "sourceSize": { "w": 70, "h": 64 },
    "duration": 100
   },
   {
    "filename": "EDU HOUR OF CODE (DEFAULT FG) #DEFAULT 57.aseprite",
    "frame": { "x": 140, "y": 0, "w": 70, "h": 64 },
    "rotated": false,
    "trimmed": false,
    "spriteSourceSize": { "x": 0, "y": 0, "w": 70, "h": 64 },
    "sourceSize": { "w": 70, "h": 64 },
    "duration": 100
   },
   {
    "filename": "EDU HOUR OF CODE (DEFAULT FG) #DEFAULT 58.aseprite",
    "frame": { "x": 210, "y": 0, "w": 70, "h": 64 },
    "rotated": false,
    "trimmed": false,
    "spriteSourceSize": { "x": 0, "y": 0, "w": 70, "h": 64 },
    "sourceSize": { "w": 70, "h": 64 },
    "duration": 100
   },
   {
    "filename": "EDU HOUR OF CODE (DEFAULT FG) #DEFAULT 59.aseprite",
    "frame": { "x": 280, "y": 0, "w": 70, "h": 64 },
    "rotated": false,
    "trimmed": false,
    "spriteSourceSize": { "x": 0, "y": 0, "w": 70, "h": 64 },
    "sourceSize": { "w": 70, "h": 64 },
    "duration": 100
   }
 ],
 "meta": {
  "app": "https://www.aseprite.org/",
  "version": "1.3.8.1-x64",
  "image": "fg_default_right_middle.png",
  "format": "RGBA8888",
  "size": { "w": 2100, "h": 64 },
  "scale": "1"
 }
}
