{ "frames": [
   {
    "filename": "EDU HOUR OF CODE (HOVER FG) #HOVER 0.aseprite",
    "frame": { "x": 0, "y": 0, "w": 70, "h": 56 },
    "rotated": false,
    "trimmed": false,
    "spriteSourceSize": { "x": 0, "y": 0, "w": 70, "h": 56 },
    "sourceSize": { "w": 70, "h": 56 },
    "duration": 100
   },
   {
    "filename": "EDU HOUR OF CODE (HOVER FG) #HOVER 1.aseprite",
    "frame": { "x": 70, "y": 0, "w": 70, "h": 56 },
    "rotated": false,
    "trimmed": false,
    "spriteSourceSize": { "x": 0, "y": 0, "w": 70, "h": 56 },
    "sourceSize": { "w": 70, "h": 56 },
    "duration": 100
   },
   {
    "filename": "EDU HOUR OF CODE (HOVER FG) #HOVER 2.aseprite",
    "frame": { "x": 70, "y": 0, "w": 70, "h": 56 },
    "rotated": false,
    "trimmed": false,
    "spriteSourceSize": { "x": 0, "y": 0, "w": 70, "h": 56 },
    "sourceSize": { "w": 70, "h": 56 },
    "duration": 100
   },
   {
    "filename": "EDU HOUR OF CODE (HOVER FG) #HOVER 3.aseprite",
    "frame": { "x": 140, "y": 0, "w": 70, "h": 56 },
    "rotated": false,
    "trimmed": false,
    "spriteSourceSize": { "x": 0, "y": 0, "w": 70, "h": 56 },
    "sourceSize": { "w": 70, "h": 56 },
    "duration": 100
   },
   {
    "filename": "EDU HOUR OF CODE (HOVER FG) #HOVER 4.aseprite",
    "frame": { "x": 210, "y": 0, "w": 70, "h": 56 },
    "rotated": false,
    "trimmed": false,
    "spriteSourceSize": { "x": 0, "y": 0, "w": 70, "h": 56 },
    "sourceSize": { "w": 70, "h": 56 },
    "duration": 100
   },
   {
    "filename": "EDU HOUR OF CODE (HOVER FG) #HOVER 5.aseprite",
    "frame": { "x": 280, "y": 0, "w": 70, "h": 56 },
    "rotated": false,
    "trimmed": false,
    "spriteSourceSize": { "x": 0, "y": 0, "w": 70, "h": 56 },
    "sourceSize": { "w": 70, "h": 56 },
    "duration": 100
   },
   {
    "filename": "EDU HOUR OF CODE (HOVER FG) #HOVER 6.aseprite",
    "frame": { "x": 350, "y": 0, "w": 70, "h": 56 },
    "rotated": false,
    "trimmed": false,
    "spriteSourceSize": { "x": 0, "y": 0, "w": 70, "h": 56 },
    "sourceSize": { "w": 70, "h": 56 },
    "duration": 100
   },
   {
    "filename": "EDU HOUR OF CODE (HOVER FG) #HOVER 7.aseprite",
    "frame": { "x": 350, "y": 0, "w": 70, "h": 56 },
    "rotated": false,
    "trimmed": false,
    "spriteSourceSize": { "x": 0, "y": 0, "w": 70, "h": 56 },
    "sourceSize": { "w": 70, "h": 56 },
    "duration": 100
   },
   {
    "filename": "EDU HOUR OF CODE (HOVER FG) #HOVER 8.aseprite",
    "frame": { "x": 420, "y": 0, "w": 70, "h": 56 },
    "rotated": false,
    "trimmed": false,
    "spriteSourceSize": { "x": 0, "y": 0, "w": 70, "h": 56 },
    "sourceSize": { "w": 70, "h": 56 },
    "duration": 100
   },
   {
    "filename": "EDU HOUR OF CODE (HOVER FG) #HOVER 9.aseprite",
    "frame": { "x": 420, "y": 0, "w": 70, "h": 56 },
    "rotated": false,
    "trimmed": false,
    "spriteSourceSize": { "x": 0, "y": 0, "w": 70, "h": 56 },
    "sourceSize": { "w": 70, "h": 56 },
    "duration": 100
   },
   {
    "filename": "EDU HOUR OF CODE (HOVER FG) #HOVER 10.aseprite",
    "frame": { "x": 490, "y": 0, "w": 70, "h": 56 },
    "rotated": false,
    "trimmed": false,
    "spriteSourceSize": { "x": 0, "y": 0, "w": 70, "h": 56 },
    "sourceSize": { "w": 70, "h": 56 },
    "duration": 100
   },
   {
    "filename": "EDU HOUR OF CODE (HOVER FG) #HOVER 11.aseprite",
    "frame": { "x": 560, "y": 0, "w": 70, "h": 56 },
    "rotated": false,
    "trimmed": false,
    "spriteSourceSize": { "x": 0, "y": 0, "w": 70, "h": 56 },
    "sourceSize": { "w": 70, "h": 56 },
    "duration": 100
   },
   {
    "filename": "EDU HOUR OF CODE (HOVER FG) #HOVER 12.aseprite",
    "frame": { "x": 630, "y": 0, "w": 70, "h": 56 },
    "rotated": false,
    "trimmed": false,
    "spriteSourceSize": { "x": 0, "y": 0, "w": 70, "h": 56 },
    "sourceSize": { "w": 70, "h": 56 },
    "duration": 100
   },
   {
    "filename": "EDU HOUR OF CODE (HOVER FG) #HOVER 13.aseprite",
    "frame": { "x": 700, "y": 0, "w": 70, "h": 56 },
    "rotated": false,
    "trimmed": false,
    "spriteSourceSize": { "x": 0, "y": 0, "w": 70, "h": 56 },
    "sourceSize": { "w": 70, "h": 56 },
    "duration": 100
   },
   {
    "filename": "EDU HOUR OF CODE (HOVER FG) #HOVER 14.aseprite",
    "frame": { "x": 770, "y": 0, "w": 70, "h": 56 },
    "rotated": false,
    "trimmed": false,
    "spriteSourceSize": { "x": 0, "y": 0, "w": 70, "h": 56 },
    "sourceSize": { "w": 70, "h": 56 },
    "duration": 100
   },
   {
    "filename": "EDU HOUR OF CODE (HOVER FG) #HOVER 15.aseprite",
    "frame": { "x": 840, "y": 0, "w": 70, "h": 56 },
    "rotated": false,
    "trimmed": false,
    "spriteSourceSize": { "x": 0, "y": 0, "w": 70, "h": 56 },
    "sourceSize": { "w": 70, "h": 56 },
    "duration": 100
   },
   {
    "filename": "EDU HOUR OF CODE (HOVER FG) #HOVER 16.aseprite",
    "frame": { "x": 910, "y": 0, "w": 70, "h": 56 },
    "rotated": false,
    "trimmed": false,
    "spriteSourceSize": { "x": 0, "y": 0, "w": 70, "h": 56 },
    "sourceSize": { "w": 70, "h": 56 },
    "duration": 100
   },
   {
    "filename": "EDU HOUR OF CODE (HOVER FG) #HOVER 17.aseprite",
    "frame": { "x": 980, "y": 0, "w": 70, "h": 56 },
    "rotated": false,
    "trimmed": false,
    "spriteSourceSize": { "x": 0, "y": 0, "w": 70, "h": 56 },
    "sourceSize": { "w": 70, "h": 56 },
    "duration": 100
   },
   {
    "filename": "EDU HOUR OF CODE (HOVER FG) #HOVER 18.aseprite",
    "frame": { "x": 1050, "y": 0, "w": 70, "h": 56 },
    "rotated": false,
    "trimmed": false,
    "spriteSourceSize": { "x": 0, "y": 0, "w": 70, "h": 56 },
    "sourceSize": { "w": 70, "h": 56 },
    "duration": 100
   },
   {
    "filename": "EDU HOUR OF CODE (HOVER FG) #HOVER 19.aseprite",
    "frame": { "x": 1120, "y": 0, "w": 70, "h": 56 },
    "rotated": false,
    "trimmed": false,
    "spriteSourceSize": { "x": 0, "y": 0, "w": 70, "h": 56 },
    "sourceSize": { "w": 70, "h": 56 },
    "duration": 100
   },
   {
    "filename": "EDU HOUR OF CODE (HOVER FG) #HOVER 20.aseprite",
    "frame": { "x": 1190, "y": 0, "w": 70, "h": 56 },
    "rotated": false,
    "trimmed": false,
    "spriteSourceSize": { "x": 0, "y": 0, "w": 70, "h": 56 },
    "sourceSize": { "w": 70, "h": 56 },
    "duration": 100
   },
   {
    "filename": "EDU HOUR OF CODE (HOVER FG) #HOVER 21.aseprite",
    "frame": { "x": 1260, "y": 0, "w": 70, "h": 56 },
    "rotated": false,
    "trimmed": false,
    "spriteSourceSize": { "x": 0, "y": 0, "w": 70, "h": 56 },
    "sourceSize": { "w": 70, "h": 56 },
    "duration": 100
   },
   {
    "filename": "EDU HOUR OF CODE (HOVER FG) #HOVER 22.aseprite",
    "frame": { "x": 1330, "y": 0, "w": 70, "h": 56 },
    "rotated": false,
    "trimmed": false,
    "spriteSourceSize": { "x": 0, "y": 0, "w": 70, "h": 56 },
    "sourceSize": { "w": 70, "h": 56 },
    "duration": 100
   },
   {
    "filename": "EDU HOUR OF CODE (HOVER FG) #HOVER 23.aseprite",
    "frame": { "x": 1330, "y": 0, "w": 70, "h": 56 },
    "rotated": false,
    "trimmed": false,
    "spriteSourceSize": { "x": 0, "y": 0, "w": 70, "h": 56 },
    "sourceSize": { "w": 70, "h": 56 },
    "duration": 100
   },
   {
    "filename": "EDU HOUR OF CODE (HOVER FG) #HOVER 24.aseprite",
    "frame": { "x": 1400, "y": 0, "w": 70, "h": 56 },
    "rotated": false,
    "trimmed": false,
    "spriteSourceSize": { "x": 0, "y": 0, "w": 70, "h": 56 },
    "sourceSize": { "w": 70, "h": 56 },
    "duration": 100
   },
   {
    "filename": "EDU HOUR OF CODE (HOVER FG) #HOVER 25.aseprite",
    "frame": { "x": 1400, "y": 0, "w": 70, "h": 56 },
    "rotated": false,
    "trimmed": false,
    "spriteSourceSize": { "x": 0, "y": 0, "w": 70, "h": 56 },
    "sourceSize": { "w": 70, "h": 56 },
    "duration": 100
   },
   {
    "filename": "EDU HOUR OF CODE (HOVER FG) #HOVER 26.aseprite",
    "frame": { "x": 1470, "y": 0, "w": 70, "h": 56 },
    "rotated": false,
    "trimmed": false,
    "spriteSourceSize": { "x": 0, "y": 0, "w": 70, "h": 56 },
    "sourceSize": { "w": 70, "h": 56 },
    "duration": 100
   },
   {
    "filename": "EDU HOUR OF CODE (HOVER FG) #HOVER 27.aseprite",
    "frame": { "x": 1540, "y": 0, "w": 70, "h": 56 },
    "rotated": false,
    "trimmed": false,
    "spriteSourceSize": { "x": 0, "y": 0, "w": 70, "h": 56 },
    "sourceSize": { "w": 70, "h": 56 },
    "duration": 100
   },
   {
    "filename": "EDU HOUR OF CODE (HOVER FG) #HOVER 28.aseprite",
    "frame": { "x": 1540, "y": 0, "w": 70, "h": 56 },
    "rotated": false,
    "trimmed": false,
    "spriteSourceSize": { "x": 0, "y": 0, "w": 70, "h": 56 },
    "sourceSize": { "w": 70, "h": 56 },
    "duration": 100
   },
   {
    "filename": "EDU HOUR OF CODE (HOVER FG) #HOVER 29.aseprite",
    "frame": { "x": 1610, "y": 0, "w": 70, "h": 56 },
    "rotated": false,
    "trimmed": false,
    "spriteSourceSize": { "x": 0, "y": 0, "w": 70, "h": 56 },
    "sourceSize": { "w": 70, "h": 56 },
    "duration": 100
   },
   {
    "filename": "EDU HOUR OF CODE (HOVER FG) #HOVER 30.aseprite",
    "frame": { "x": 1610, "y": 0, "w": 70, "h": 56 },
    "rotated": false,
    "trimmed": false,
    "spriteSourceSize": { "x": 0, "y": 0, "w": 70, "h": 56 },
    "sourceSize": { "w": 70, "h": 56 },
    "duration": 100
   },
   {
    "filename": "EDU HOUR OF CODE (HOVER FG) #HOVER 31.aseprite",
    "frame": { "x": 1610, "y": 0, "w": 70, "h": 56 },
    "rotated": false,
    "trimmed": false,
    "spriteSourceSize": { "x": 0, "y": 0, "w": 70, "h": 56 },
    "sourceSize": { "w": 70, "h": 56 },
    "duration": 100
   },
   {
    "filename": "EDU HOUR OF CODE (HOVER FG) #HOVER 32.aseprite",
    "frame": { "x": 1680, "y": 0, "w": 70, "h": 56 },
    "rotated": false,
    "trimmed": false,
    "spriteSourceSize": { "x": 0, "y": 0, "w": 70, "h": 56 },
    "sourceSize": { "w": 70, "h": 56 },
    "duration": 100
   },
   {
    "filename": "EDU HOUR OF CODE (HOVER FG) #HOVER 33.aseprite",
    "frame": { "x": 1750, "y": 0, "w": 70, "h": 56 },
    "rotated": false,
    "trimmed": false,
    "spriteSourceSize": { "x": 0, "y": 0, "w": 70, "h": 56 },
    "sourceSize": { "w": 70, "h": 56 },
    "duration": 100
   },
   {
    "filename": "EDU HOUR OF CODE (HOVER FG) #HOVER 34.aseprite",
    "frame": { "x": 1820, "y": 0, "w": 70, "h": 56 },
    "rotated": false,
    "trimmed": false,
    "spriteSourceSize": { "x": 0, "y": 0, "w": 70, "h": 56 },
    "sourceSize": { "w": 70, "h": 56 },
    "duration": 100
   },
   {
    "filename": "EDU HOUR OF CODE (HOVER FG) #HOVER 35.aseprite",
    "frame": { "x": 1820, "y": 0, "w": 70, "h": 56 },
    "rotated": false,
    "trimmed": false,
    "spriteSourceSize": { "x": 0, "y": 0, "w": 70, "h": 56 },
    "sourceSize": { "w": 70, "h": 56 },
    "duration": 100
   },
   {
    "filename": "EDU HOUR OF CODE (HOVER FG) #HOVER 36.aseprite",
    "frame": { "x": 1890, "y": 0, "w": 70, "h": 56 },
    "rotated": false,
    "trimmed": false,
    "spriteSourceSize": { "x": 0, "y": 0, "w": 70, "h": 56 },
    "sourceSize": { "w": 70, "h": 56 },
    "duration": 100
   },
   {
    "filename": "EDU HOUR OF CODE (HOVER FG) #HOVER 37.aseprite",
    "frame": { "x": 1960, "y": 0, "w": 70, "h": 56 },
    "rotated": false,
    "trimmed": false,
    "spriteSourceSize": { "x": 0, "y": 0, "w": 70, "h": 56 },
    "sourceSize": { "w": 70, "h": 56 },
    "duration": 100
   },
   {
    "filename": "EDU HOUR OF CODE (HOVER FG) #HOVER 38.aseprite",
    "frame": { "x": 1960, "y": 0, "w": 70, "h": 56 },
    "rotated": false,
    "trimmed": false,
    "spriteSourceSize": { "x": 0, "y": 0, "w": 70, "h": 56 },
    "sourceSize": { "w": 70, "h": 56 },
    "duration": 100
   },
   {
    "filename": "EDU HOUR OF CODE (HOVER FG) #HOVER 39.aseprite",
    "frame": { "x": 2030, "y": 0, "w": 70, "h": 56 },
    "rotated": false,
    "trimmed": false,
    "spriteSourceSize": { "x": 0, "y": 0, "w": 70, "h": 56 },
    "sourceSize": { "w": 70, "h": 56 },
    "duration": 100
   },
   {
    "filename": "EDU HOUR OF CODE (HOVER FG) #HOVER 40.aseprite",
    "frame": { "x": 2030, "y": 0, "w": 70, "h": 56 },
    "rotated": false,
    "trimmed": false,
    "spriteSourceSize": { "x": 0, "y": 0, "w": 70, "h": 56 },
    "sourceSize": { "w": 70, "h": 56 },
    "duration": 100
   },
   {
    "filename": "EDU HOUR OF CODE (HOVER FG) #HOVER 41.aseprite",
    "frame": { "x": 2100, "y": 0, "w": 70, "h": 56 },
    "rotated": false,
    "trimmed": false,
    "spriteSourceSize": { "x": 0, "y": 0, "w": 70, "h": 56 },
    "sourceSize": { "w": 70, "h": 56 },
    "duration": 100
   },
   {
    "filename": "EDU HOUR OF CODE (HOVER FG) #HOVER 42.aseprite",
    "frame": { "x": 1120, "y": 0, "w": 70, "h": 56 },
    "rotated": false,
    "trimmed": false,
    "spriteSourceSize": { "x": 0, "y": 0, "w": 70, "h": 56 },
    "sourceSize": { "w": 70, "h": 56 },
    "duration": 100
   },
   {
    "filename": "EDU HOUR OF CODE (HOVER FG) #HOVER 43.aseprite",
    "frame": { "x": 1120, "y": 0, "w": 70, "h": 56 },
    "rotated": false,
    "trimmed": false,
    "spriteSourceSize": { "x": 0, "y": 0, "w": 70, "h": 56 },
    "sourceSize": { "w": 70, "h": 56 },
    "duration": 100
   },
   {
    "filename": "EDU HOUR OF CODE (HOVER FG) #HOVER 44.aseprite",
    "frame": { "x": 2170, "y": 0, "w": 70, "h": 56 },
    "rotated": false,
    "trimmed": false,
    "spriteSourceSize": { "x": 0, "y": 0, "w": 70, "h": 56 },
    "sourceSize": { "w": 70, "h": 56 },
    "duration": 100
   },
   {
    "filename": "EDU HOUR OF CODE (HOVER FG) #HOVER 45.aseprite",
    "frame": { "x": 2170, "y": 0, "w": 70, "h": 56 },
    "rotated": false,
    "trimmed": false,
    "spriteSourceSize": { "x": 0, "y": 0, "w": 70, "h": 56 },
    "sourceSize": { "w": 70, "h": 56 },
    "duration": 100
   },
   {
    "filename": "EDU HOUR OF CODE (HOVER FG) #HOVER 46.aseprite",
    "frame": { "x": 2240, "y": 0, "w": 70, "h": 56 },
    "rotated": false,
    "trimmed": false,
    "spriteSourceSize": { "x": 0, "y": 0, "w": 70, "h": 56 },
    "sourceSize": { "w": 70, "h": 56 },
    "duration": 100
   },
   {
    "filename": "EDU HOUR OF CODE (HOVER FG) #HOVER 47.aseprite",
    "frame": { "x": 2240, "y": 0, "w": 70, "h": 56 },
    "rotated": false,
    "trimmed": false,
    "spriteSourceSize": { "x": 0, "y": 0, "w": 70, "h": 56 },
    "sourceSize": { "w": 70, "h": 56 },
    "duration": 100
   },
   {
    "filename": "EDU HOUR OF CODE (HOVER FG) #HOVER 48.aseprite",
    "frame": { "x": 2310, "y": 0, "w": 70, "h": 56 },
    "rotated": false,
    "trimmed": false,
    "spriteSourceSize": { "x": 0, "y": 0, "w": 70, "h": 56 },
    "sourceSize": { "w": 70, "h": 56 },
    "duration": 100
   },
   {
    "filename": "EDU HOUR OF CODE (HOVER FG) #HOVER 49.aseprite",
    "frame": { "x": 2380, "y": 0, "w": 70, "h": 56 },
    "rotated": false,
    "trimmed": false,
    "spriteSourceSize": { "x": 0, "y": 0, "w": 70, "h": 56 },
    "sourceSize": { "w": 70, "h": 56 },
    "duration": 100
   },
   {
    "filename": "EDU HOUR OF CODE (HOVER FG) #HOVER 50.aseprite",
    "frame": { "x": 1190, "y": 0, "w": 70, "h": 56 },
    "rotated": false,
    "trimmed": false,
    "spriteSourceSize": { "x": 0, "y": 0, "w": 70, "h": 56 },
    "sourceSize": { "w": 70, "h": 56 },
    "duration": 100
   },
   {
    "filename": "EDU HOUR OF CODE (HOVER FG) #HOVER 51.aseprite",
    "frame": { "x": 2450, "y": 0, "w": 70, "h": 56 },
    "rotated": false,
    "trimmed": false,
    "spriteSourceSize": { "x": 0, "y": 0, "w": 70, "h": 56 },
    "sourceSize": { "w": 70, "h": 56 },
    "duration": 100
   },
   {
    "filename": "EDU HOUR OF CODE (HOVER FG) #HOVER 52.aseprite",
    "frame": { "x": 2520, "y": 0, "w": 70, "h": 56 },
    "rotated": false,
    "trimmed": false,
    "spriteSourceSize": { "x": 0, "y": 0, "w": 70, "h": 56 },
    "sourceSize": { "w": 70, "h": 56 },
    "duration": 100
   },
   {
    "filename": "EDU HOUR OF CODE (HOVER FG) #HOVER 53.aseprite",
    "frame": { "x": 2590, "y": 0, "w": 70, "h": 56 },
    "rotated": false,
    "trimmed": false,
    "spriteSourceSize": { "x": 0, "y": 0, "w": 70, "h": 56 },
    "sourceSize": { "w": 70, "h": 56 },
    "duration": 100
   },
   {
    "filename": "EDU HOUR OF CODE (HOVER FG) #HOVER 54.aseprite",
    "frame": { "x": 2590, "y": 0, "w": 70, "h": 56 },
    "rotated": false,
    "trimmed": false,
    "spriteSourceSize": { "x": 0, "y": 0, "w": 70, "h": 56 },
    "sourceSize": { "w": 70, "h": 56 },
    "duration": 100
   },
   {
    "filename": "EDU HOUR OF CODE (HOVER FG) #HOVER 55.aseprite",
    "frame": { "x": 2660, "y": 0, "w": 70, "h": 56 },
    "rotated": false,
    "trimmed": false,
    "spriteSourceSize": { "x": 0, "y": 0, "w": 70, "h": 56 },
    "sourceSize": { "w": 70, "h": 56 },
    "duration": 100
   },
   {
    "filename": "EDU HOUR OF CODE (HOVER FG) #HOVER 56.aseprite",
    "frame": { "x": 1330, "y": 0, "w": 70, "h": 56 },
    "rotated": false,
    "trimmed": false,
    "spriteSourceSize": { "x": 0, "y": 0, "w": 70, "h": 56 },
    "sourceSize": { "w": 70, "h": 56 },
    "duration": 100
   },
   {
    "filename": "EDU HOUR OF CODE (HOVER FG) #HOVER 57.aseprite",
    "frame": { "x": 2730, "y": 0, "w": 70, "h": 56 },
    "rotated": false,
    "trimmed": false,
    "spriteSourceSize": { "x": 0, "y": 0, "w": 70, "h": 56 },
    "sourceSize": { "w": 70, "h": 56 },
    "duration": 100
   },
   {
    "filename": "EDU HOUR OF CODE (HOVER FG) #HOVER 58.aseprite",
    "frame": { "x": 2800, "y": 0, "w": 70, "h": 56 },
    "rotated": false,
    "trimmed": false,
    "spriteSourceSize": { "x": 0, "y": 0, "w": 70, "h": 56 },
    "sourceSize": { "w": 70, "h": 56 },
    "duration": 100
   },
   {
    "filename": "EDU HOUR OF CODE (HOVER FG) #HOVER 59.aseprite",
    "frame": { "x": 2870, "y": 0, "w": 70, "h": 56 },
    "rotated": false,
    "trimmed": false,
    "spriteSourceSize": { "x": 0, "y": 0, "w": 70, "h": 56 },
    "sourceSize": { "w": 70, "h": 56 },
    "duration": 100
   },
   {
    "filename": "EDU HOUR OF CODE (HOVER FG) #HOVER 60.aseprite",
    "frame": { "x": 2940, "y": 0, "w": 70, "h": 56 },
    "rotated": false,
    "trimmed": false,
    "spriteSourceSize": { "x": 0, "y": 0, "w": 70, "h": 56 },
    "sourceSize": { "w": 70, "h": 56 },
    "duration": 100
   },
   {
    "filename": "EDU HOUR OF CODE (HOVER FG) #HOVER 61.aseprite",
    "frame": { "x": 3010, "y": 0, "w": 70, "h": 56 },
    "rotated": false,
    "trimmed": false,
    "spriteSourceSize": { "x": 0, "y": 0, "w": 70, "h": 56 },
    "sourceSize": { "w": 70, "h": 56 },
    "duration": 100
   },
   {
    "filename": "EDU HOUR OF CODE (HOVER FG) #HOVER 62.aseprite",
    "frame": { "x": 3080, "y": 0, "w": 70, "h": 56 },
    "rotated": false,
    "trimmed": false,
    "spriteSourceSize": { "x": 0, "y": 0, "w": 70, "h": 56 },
    "sourceSize": { "w": 70, "h": 56 },
    "duration": 100
   },
   {
    "filename": "EDU HOUR OF CODE (HOVER FG) #HOVER 63.aseprite",
    "frame": { "x": 3150, "y": 0, "w": 70, "h": 56 },
    "rotated": false,
    "trimmed": false,
    "spriteSourceSize": { "x": 0, "y": 0, "w": 70, "h": 56 },
    "sourceSize": { "w": 70, "h": 56 },
    "duration": 100
   },
   {
    "filename": "EDU HOUR OF CODE (HOVER FG) #HOVER 64.aseprite",
    "frame": { "x": 3220, "y": 0, "w": 70, "h": 56 },
    "rotated": false,
    "trimmed": false,
    "spriteSourceSize": { "x": 0, "y": 0, "w": 70, "h": 56 },
    "sourceSize": { "w": 70, "h": 56 },
    "duration": 100
   }
 ],
 "meta": {
  "app": "https://www.aseprite.org/",
  "version": "1.3.8.1-x64",
  "image": "fg_hover_left.png",
  "format": "RGBA8888",
  "size": { "w": 3290, "h": 56 },
  "scale": "1"
 }
}
