{ "frames": [
   {
    "filename": "EDU HOUR OF CODE (HOVER FG) #HOVER 0.aseprite",
    "frame": { "x": 0, "y": 0, "w": 74, "h": 72 },
    "rotated": false,
    "trimmed": false,
    "spriteSourceSize": { "x": 0, "y": 0, "w": 74, "h": 72 },
    "sourceSize": { "w": 74, "h": 72 },
    "duration": 100
   },
   {
    "filename": "EDU HOUR OF CODE (HOVER FG) #HOVER 1.aseprite",
    "frame": { "x": 0, "y": 0, "w": 74, "h": 72 },
    "rotated": false,
    "trimmed": false,
    "spriteSourceSize": { "x": 0, "y": 0, "w": 74, "h": 72 },
    "sourceSize": { "w": 74, "h": 72 },
    "duration": 100
   },
   {
    "filename": "EDU HOUR OF CODE (HOVER FG) #HOVER 2.aseprite",
    "frame": { "x": 0, "y": 0, "w": 74, "h": 72 },
    "rotated": false,
    "trimmed": false,
    "spriteSourceSize": { "x": 0, "y": 0, "w": 74, "h": 72 },
    "sourceSize": { "w": 74, "h": 72 },
    "duration": 100
   },
   {
    "filename": "EDU HOUR OF CODE (HOVER FG) #HOVER 3.aseprite",
    "frame": { "x": 74, "y": 0, "w": 74, "h": 72 },
    "rotated": false,
    "trimmed": false,
    "spriteSourceSize": { "x": 0, "y": 0, "w": 74, "h": 72 },
    "sourceSize": { "w": 74, "h": 72 },
    "duration": 100
   },
   {
    "filename": "EDU HOUR OF CODE (HOVER FG) #HOVER 4.aseprite",
    "frame": { "x": 74, "y": 0, "w": 74, "h": 72 },
    "rotated": false,
    "trimmed": false,
    "spriteSourceSize": { "x": 0, "y": 0, "w": 74, "h": 72 },
    "sourceSize": { "w": 74, "h": 72 },
    "duration": 100
   },
   {
    "filename": "EDU HOUR OF CODE (HOVER FG) #HOVER 5.aseprite",
    "frame": { "x": 74, "y": 0, "w": 74, "h": 72 },
    "rotated": false,
    "trimmed": false,
    "spriteSourceSize": { "x": 0, "y": 0, "w": 74, "h": 72 },
    "sourceSize": { "w": 74, "h": 72 },
    "duration": 100
   },
   {
    "filename": "EDU HOUR OF CODE (HOVER FG) #HOVER 6.aseprite",
    "frame": { "x": 148, "y": 0, "w": 74, "h": 72 },
    "rotated": false,
    "trimmed": false,
    "spriteSourceSize": { "x": 0, "y": 0, "w": 74, "h": 72 },
    "sourceSize": { "w": 74, "h": 72 },
    "duration": 100
   },
   {
    "filename": "EDU HOUR OF CODE (HOVER FG) #HOVER 7.aseprite",
    "frame": { "x": 222, "y": 0, "w": 74, "h": 72 },
    "rotated": false,
    "trimmed": false,
    "spriteSourceSize": { "x": 0, "y": 0, "w": 74, "h": 72 },
    "sourceSize": { "w": 74, "h": 72 },
    "duration": 100
   },
   {
    "filename": "EDU HOUR OF CODE (HOVER FG) #HOVER 8.aseprite",
    "frame": { "x": 296, "y": 0, "w": 74, "h": 72 },
    "rotated": false,
    "trimmed": false,
    "spriteSourceSize": { "x": 0, "y": 0, "w": 74, "h": 72 },
    "sourceSize": { "w": 74, "h": 72 },
    "duration": 100
   },
   {
    "filename": "EDU HOUR OF CODE (HOVER FG) #HOVER 9.aseprite",
    "frame": { "x": 296, "y": 0, "w": 74, "h": 72 },
    "rotated": false,
    "trimmed": false,
    "spriteSourceSize": { "x": 0, "y": 0, "w": 74, "h": 72 },
    "sourceSize": { "w": 74, "h": 72 },
    "duration": 100
   },
   {
    "filename": "EDU HOUR OF CODE (HOVER FG) #HOVER 10.aseprite",
    "frame": { "x": 370, "y": 0, "w": 74, "h": 72 },
    "rotated": false,
    "trimmed": false,
    "spriteSourceSize": { "x": 0, "y": 0, "w": 74, "h": 72 },
    "sourceSize": { "w": 74, "h": 72 },
    "duration": 100
   },
   {
    "filename": "EDU HOUR OF CODE (HOVER FG) #HOVER 11.aseprite",
    "frame": { "x": 444, "y": 0, "w": 74, "h": 72 },
    "rotated": false,
    "trimmed": false,
    "spriteSourceSize": { "x": 0, "y": 0, "w": 74, "h": 72 },
    "sourceSize": { "w": 74, "h": 72 },
    "duration": 100
   },
   {
    "filename": "EDU HOUR OF CODE (HOVER FG) #HOVER 12.aseprite",
    "frame": { "x": 444, "y": 0, "w": 74, "h": 72 },
    "rotated": false,
    "trimmed": false,
    "spriteSourceSize": { "x": 0, "y": 0, "w": 74, "h": 72 },
    "sourceSize": { "w": 74, "h": 72 },
    "duration": 100
   },
   {
    "filename": "EDU HOUR OF CODE (HOVER FG) #HOVER 13.aseprite",
    "frame": { "x": 518, "y": 0, "w": 74, "h": 72 },
    "rotated": false,
    "trimmed": false,
    "spriteSourceSize": { "x": 0, "y": 0, "w": 74, "h": 72 },
    "sourceSize": { "w": 74, "h": 72 },
    "duration": 100
   },
   {
    "filename": "EDU HOUR OF CODE (HOVER FG) #HOVER 14.aseprite",
    "frame": { "x": 592, "y": 0, "w": 74, "h": 72 },
    "rotated": false,
    "trimmed": false,
    "spriteSourceSize": { "x": 0, "y": 0, "w": 74, "h": 72 },
    "sourceSize": { "w": 74, "h": 72 },
    "duration": 100
   },
   {
    "filename": "EDU HOUR OF CODE (HOVER FG) #HOVER 15.aseprite",
    "frame": { "x": 592, "y": 0, "w": 74, "h": 72 },
    "rotated": false,
    "trimmed": false,
    "spriteSourceSize": { "x": 0, "y": 0, "w": 74, "h": 72 },
    "sourceSize": { "w": 74, "h": 72 },
    "duration": 100
   },
   {
    "filename": "EDU HOUR OF CODE (HOVER FG) #HOVER 16.aseprite",
    "frame": { "x": 666, "y": 0, "w": 74, "h": 72 },
    "rotated": false,
    "trimmed": false,
    "spriteSourceSize": { "x": 0, "y": 0, "w": 74, "h": 72 },
    "sourceSize": { "w": 74, "h": 72 },
    "duration": 100
   },
   {
    "filename": "EDU HOUR OF CODE (HOVER FG) #HOVER 17.aseprite",
    "frame": { "x": 740, "y": 0, "w": 74, "h": 72 },
    "rotated": false,
    "trimmed": false,
    "spriteSourceSize": { "x": 0, "y": 0, "w": 74, "h": 72 },
    "sourceSize": { "w": 74, "h": 72 },
    "duration": 100
   },
   {
    "filename": "EDU HOUR OF CODE (HOVER FG) #HOVER 18.aseprite",
    "frame": { "x": 814, "y": 0, "w": 74, "h": 72 },
    "rotated": false,
    "trimmed": false,
    "spriteSourceSize": { "x": 0, "y": 0, "w": 74, "h": 72 },
    "sourceSize": { "w": 74, "h": 72 },
    "duration": 100
   },
   {
    "filename": "EDU HOUR OF CODE (HOVER FG) #HOVER 19.aseprite",
    "frame": { "x": 888, "y": 0, "w": 74, "h": 72 },
    "rotated": false,
    "trimmed": false,
    "spriteSourceSize": { "x": 0, "y": 0, "w": 74, "h": 72 },
    "sourceSize": { "w": 74, "h": 72 },
    "duration": 100
   },
   {
    "filename": "EDU HOUR OF CODE (HOVER FG) #HOVER 20.aseprite",
    "frame": { "x": 888, "y": 0, "w": 74, "h": 72 },
    "rotated": false,
    "trimmed": false,
    "spriteSourceSize": { "x": 0, "y": 0, "w": 74, "h": 72 },
    "sourceSize": { "w": 74, "h": 72 },
    "duration": 100
   },
   {
    "filename": "EDU HOUR OF CODE (HOVER FG) #HOVER 21.aseprite",
    "frame": { "x": 962, "y": 0, "w": 74, "h": 72 },
    "rotated": false,
    "trimmed": false,
    "spriteSourceSize": { "x": 0, "y": 0, "w": 74, "h": 72 },
    "sourceSize": { "w": 74, "h": 72 },
    "duration": 100
   },
   {
    "filename": "EDU HOUR OF CODE (HOVER FG) #HOVER 22.aseprite",
    "frame": { "x": 962, "y": 0, "w": 74, "h": 72 },
    "rotated": false,
    "trimmed": false,
    "spriteSourceSize": { "x": 0, "y": 0, "w": 74, "h": 72 },
    "sourceSize": { "w": 74, "h": 72 },
    "duration": 100
   },
   {
    "filename": "EDU HOUR OF CODE (HOVER FG) #HOVER 23.aseprite",
    "frame": { "x": 1036, "y": 0, "w": 74, "h": 72 },
    "rotated": false,
    "trimmed": false,
    "spriteSourceSize": { "x": 0, "y": 0, "w": 74, "h": 72 },
    "sourceSize": { "w": 74, "h": 72 },
    "duration": 100
   },
   {
    "filename": "EDU HOUR OF CODE (HOVER FG) #HOVER 24.aseprite",
    "frame": { "x": 1036, "y": 0, "w": 74, "h": 72 },
    "rotated": false,
    "trimmed": false,
    "spriteSourceSize": { "x": 0, "y": 0, "w": 74, "h": 72 },
    "sourceSize": { "w": 74, "h": 72 },
    "duration": 100
   },
   {
    "filename": "EDU HOUR OF CODE (HOVER FG) #HOVER 25.aseprite",
    "frame": { "x": 1036, "y": 0, "w": 74, "h": 72 },
    "rotated": false,
    "trimmed": false,
    "spriteSourceSize": { "x": 0, "y": 0, "w": 74, "h": 72 },
    "sourceSize": { "w": 74, "h": 72 },
    "duration": 100
   },
   {
    "filename": "EDU HOUR OF CODE (HOVER FG) #HOVER 26.aseprite",
    "frame": { "x": 1110, "y": 0, "w": 74, "h": 72 },
    "rotated": false,
    "trimmed": false,
    "spriteSourceSize": { "x": 0, "y": 0, "w": 74, "h": 72 },
    "sourceSize": { "w": 74, "h": 72 },
    "duration": 100
   },
   {
    "filename": "EDU HOUR OF CODE (HOVER FG) #HOVER 27.aseprite",
    "frame": { "x": 1110, "y": 0, "w": 74, "h": 72 },
    "rotated": false,
    "trimmed": false,
    "spriteSourceSize": { "x": 0, "y": 0, "w": 74, "h": 72 },
    "sourceSize": { "w": 74, "h": 72 },
    "duration": 100
   },
   {
    "filename": "EDU HOUR OF CODE (HOVER FG) #HOVER 28.aseprite",
    "frame": { "x": 1110, "y": 0, "w": 74, "h": 72 },
    "rotated": false,
    "trimmed": false,
    "spriteSourceSize": { "x": 0, "y": 0, "w": 74, "h": 72 },
    "sourceSize": { "w": 74, "h": 72 },
    "duration": 100
   },
   {
    "filename": "EDU HOUR OF CODE (HOVER FG) #HOVER 29.aseprite",
    "frame": { "x": 1184, "y": 0, "w": 74, "h": 72 },
    "rotated": false,
    "trimmed": false,
    "spriteSourceSize": { "x": 0, "y": 0, "w": 74, "h": 72 },
    "sourceSize": { "w": 74, "h": 72 },
    "duration": 100
   },
   {
    "filename": "EDU HOUR OF CODE (HOVER FG) #HOVER 30.aseprite",
    "frame": { "x": 1110, "y": 0, "w": 74, "h": 72 },
    "rotated": false,
    "trimmed": false,
    "spriteSourceSize": { "x": 0, "y": 0, "w": 74, "h": 72 },
    "sourceSize": { "w": 74, "h": 72 },
    "duration": 100
   },
   {
    "filename": "EDU HOUR OF CODE (HOVER FG) #HOVER 31.aseprite",
    "frame": { "x": 1110, "y": 0, "w": 74, "h": 72 },
    "rotated": false,
    "trimmed": false,
    "spriteSourceSize": { "x": 0, "y": 0, "w": 74, "h": 72 },
    "sourceSize": { "w": 74, "h": 72 },
    "duration": 100
   },
   {
    "filename": "EDU HOUR OF CODE (HOVER FG) #HOVER 32.aseprite",
    "frame": { "x": 1110, "y": 0, "w": 74, "h": 72 },
    "rotated": false,
    "trimmed": false,
    "spriteSourceSize": { "x": 0, "y": 0, "w": 74, "h": 72 },
    "sourceSize": { "w": 74, "h": 72 },
    "duration": 100
   },
   {
    "filename": "EDU HOUR OF CODE (HOVER FG) #HOVER 33.aseprite",
    "frame": { "x": 1110, "y": 0, "w": 74, "h": 72 },
    "rotated": false,
    "trimmed": false,
    "spriteSourceSize": { "x": 0, "y": 0, "w": 74, "h": 72 },
    "sourceSize": { "w": 74, "h": 72 },
    "duration": 100
   },
   {
    "filename": "EDU HOUR OF CODE (HOVER FG) #HOVER 34.aseprite",
    "frame": { "x": 1036, "y": 0, "w": 74, "h": 72 },
    "rotated": false,
    "trimmed": false,
    "spriteSourceSize": { "x": 0, "y": 0, "w": 74, "h": 72 },
    "sourceSize": { "w": 74, "h": 72 },
    "duration": 100
   },
   {
    "filename": "EDU HOUR OF CODE (HOVER FG) #HOVER 35.aseprite",
    "frame": { "x": 1036, "y": 0, "w": 74, "h": 72 },
    "rotated": false,
    "trimmed": false,
    "spriteSourceSize": { "x": 0, "y": 0, "w": 74, "h": 72 },
    "sourceSize": { "w": 74, "h": 72 },
    "duration": 100
   },
   {
    "filename": "EDU HOUR OF CODE (HOVER FG) #HOVER 36.aseprite",
    "frame": { "x": 1036, "y": 0, "w": 74, "h": 72 },
    "rotated": false,
    "trimmed": false,
    "spriteSourceSize": { "x": 0, "y": 0, "w": 74, "h": 72 },
    "sourceSize": { "w": 74, "h": 72 },
    "duration": 100
   },
   {
    "filename": "EDU HOUR OF CODE (HOVER FG) #HOVER 37.aseprite",
    "frame": { "x": 1036, "y": 0, "w": 74, "h": 72 },
    "rotated": false,
    "trimmed": false,
    "spriteSourceSize": { "x": 0, "y": 0, "w": 74, "h": 72 },
    "sourceSize": { "w": 74, "h": 72 },
    "duration": 100
   },
   {
    "filename": "EDU HOUR OF CODE (HOVER FG) #HOVER 38.aseprite",
    "frame": { "x": 962, "y": 0, "w": 74, "h": 72 },
    "rotated": false,
    "trimmed": false,
    "spriteSourceSize": { "x": 0, "y": 0, "w": 74, "h": 72 },
    "sourceSize": { "w": 74, "h": 72 },
    "duration": 100
   },
   {
    "filename": "EDU HOUR OF CODE (HOVER FG) #HOVER 39.aseprite",
    "frame": { "x": 1258, "y": 0, "w": 74, "h": 72 },
    "rotated": false,
    "trimmed": false,
    "spriteSourceSize": { "x": 0, "y": 0, "w": 74, "h": 72 },
    "sourceSize": { "w": 74, "h": 72 },
    "duration": 100
   },
   {
    "filename": "EDU HOUR OF CODE (HOVER FG) #HOVER 40.aseprite",
    "frame": { "x": 888, "y": 0, "w": 74, "h": 72 },
    "rotated": false,
    "trimmed": false,
    "spriteSourceSize": { "x": 0, "y": 0, "w": 74, "h": 72 },
    "sourceSize": { "w": 74, "h": 72 },
    "duration": 100
   },
   {
    "filename": "EDU HOUR OF CODE (HOVER FG) #HOVER 41.aseprite",
    "frame": { "x": 888, "y": 0, "w": 74, "h": 72 },
    "rotated": false,
    "trimmed": false,
    "spriteSourceSize": { "x": 0, "y": 0, "w": 74, "h": 72 },
    "sourceSize": { "w": 74, "h": 72 },
    "duration": 100
   },
   {
    "filename": "EDU HOUR OF CODE (HOVER FG) #HOVER 42.aseprite",
    "frame": { "x": 814, "y": 0, "w": 74, "h": 72 },
    "rotated": false,
    "trimmed": false,
    "spriteSourceSize": { "x": 0, "y": 0, "w": 74, "h": 72 },
    "sourceSize": { "w": 74, "h": 72 },
    "duration": 100
   },
   {
    "filename": "EDU HOUR OF CODE (HOVER FG) #HOVER 43.aseprite",
    "frame": { "x": 1332, "y": 0, "w": 74, "h": 72 },
    "rotated": false,
    "trimmed": false,
    "spriteSourceSize": { "x": 0, "y": 0, "w": 74, "h": 72 },
    "sourceSize": { "w": 74, "h": 72 },
    "duration": 100
   },
   {
    "filename": "EDU HOUR OF CODE (HOVER FG) #HOVER 44.aseprite",
    "frame": { "x": 740, "y": 0, "w": 74, "h": 72 },
    "rotated": false,
    "trimmed": false,
    "spriteSourceSize": { "x": 0, "y": 0, "w": 74, "h": 72 },
    "sourceSize": { "w": 74, "h": 72 },
    "duration": 100
   },
   {
    "filename": "EDU HOUR OF CODE (HOVER FG) #HOVER 45.aseprite",
    "frame": { "x": 666, "y": 0, "w": 74, "h": 72 },
    "rotated": false,
    "trimmed": false,
    "spriteSourceSize": { "x": 0, "y": 0, "w": 74, "h": 72 },
    "sourceSize": { "w": 74, "h": 72 },
    "duration": 100
   },
   {
    "filename": "EDU HOUR OF CODE (HOVER FG) #HOVER 46.aseprite",
    "frame": { "x": 592, "y": 0, "w": 74, "h": 72 },
    "rotated": false,
    "trimmed": false,
    "spriteSourceSize": { "x": 0, "y": 0, "w": 74, "h": 72 },
    "sourceSize": { "w": 74, "h": 72 },
    "duration": 100
   },
   {
    "filename": "EDU HOUR OF CODE (HOVER FG) #HOVER 47.aseprite",
    "frame": { "x": 592, "y": 0, "w": 74, "h": 72 },
    "rotated": false,
    "trimmed": false,
    "spriteSourceSize": { "x": 0, "y": 0, "w": 74, "h": 72 },
    "sourceSize": { "w": 74, "h": 72 },
    "duration": 100
   },
   {
    "filename": "EDU HOUR OF CODE (HOVER FG) #HOVER 48.aseprite",
    "frame": { "x": 518, "y": 0, "w": 74, "h": 72 },
    "rotated": false,
    "trimmed": false,
    "spriteSourceSize": { "x": 0, "y": 0, "w": 74, "h": 72 },
    "sourceSize": { "w": 74, "h": 72 },
    "duration": 100
   },
   {
    "filename": "EDU HOUR OF CODE (HOVER FG) #HOVER 49.aseprite",
    "frame": { "x": 1406, "y": 0, "w": 74, "h": 72 },
    "rotated": false,
    "trimmed": false,
    "spriteSourceSize": { "x": 0, "y": 0, "w": 74, "h": 72 },
    "sourceSize": { "w": 74, "h": 72 },
    "duration": 100
   },
   {
    "filename": "EDU HOUR OF CODE (HOVER FG) #HOVER 50.aseprite",
    "frame": { "x": 444, "y": 0, "w": 74, "h": 72 },
    "rotated": false,
    "trimmed": false,
    "spriteSourceSize": { "x": 0, "y": 0, "w": 74, "h": 72 },
    "sourceSize": { "w": 74, "h": 72 },
    "duration": 100
   },
   {
    "filename": "EDU HOUR OF CODE (HOVER FG) #HOVER 51.aseprite",
    "frame": { "x": 1480, "y": 0, "w": 74, "h": 72 },
    "rotated": false,
    "trimmed": false,
    "spriteSourceSize": { "x": 0, "y": 0, "w": 74, "h": 72 },
    "sourceSize": { "w": 74, "h": 72 },
    "duration": 100
   },
   {
    "filename": "EDU HOUR OF CODE (HOVER FG) #HOVER 52.aseprite",
    "frame": { "x": 370, "y": 0, "w": 74, "h": 72 },
    "rotated": false,
    "trimmed": false,
    "spriteSourceSize": { "x": 0, "y": 0, "w": 74, "h": 72 },
    "sourceSize": { "w": 74, "h": 72 },
    "duration": 100
   },
   {
    "filename": "EDU HOUR OF CODE (HOVER FG) #HOVER 53.aseprite",
    "frame": { "x": 296, "y": 0, "w": 74, "h": 72 },
    "rotated": false,
    "trimmed": false,
    "spriteSourceSize": { "x": 0, "y": 0, "w": 74, "h": 72 },
    "sourceSize": { "w": 74, "h": 72 },
    "duration": 100
   },
   {
    "filename": "EDU HOUR OF CODE (HOVER FG) #HOVER 54.aseprite",
    "frame": { "x": 296, "y": 0, "w": 74, "h": 72 },
    "rotated": false,
    "trimmed": false,
    "spriteSourceSize": { "x": 0, "y": 0, "w": 74, "h": 72 },
    "sourceSize": { "w": 74, "h": 72 },
    "duration": 100
   },
   {
    "filename": "EDU HOUR OF CODE (HOVER FG) #HOVER 55.aseprite",
    "frame": { "x": 1554, "y": 0, "w": 74, "h": 72 },
    "rotated": false,
    "trimmed": false,
    "spriteSourceSize": { "x": 0, "y": 0, "w": 74, "h": 72 },
    "sourceSize": { "w": 74, "h": 72 },
    "duration": 100
   },
   {
    "filename": "EDU HOUR OF CODE (HOVER FG) #HOVER 56.aseprite",
    "frame": { "x": 222, "y": 0, "w": 74, "h": 72 },
    "rotated": false,
    "trimmed": false,
    "spriteSourceSize": { "x": 0, "y": 0, "w": 74, "h": 72 },
    "sourceSize": { "w": 74, "h": 72 },
    "duration": 100
   },
   {
    "filename": "EDU HOUR OF CODE (HOVER FG) #HOVER 57.aseprite",
    "frame": { "x": 148, "y": 0, "w": 74, "h": 72 },
    "rotated": false,
    "trimmed": false,
    "spriteSourceSize": { "x": 0, "y": 0, "w": 74, "h": 72 },
    "sourceSize": { "w": 74, "h": 72 },
    "duration": 100
   },
   {
    "filename": "EDU HOUR OF CODE (HOVER FG) #HOVER 58.aseprite",
    "frame": { "x": 74, "y": 0, "w": 74, "h": 72 },
    "rotated": false,
    "trimmed": false,
    "spriteSourceSize": { "x": 0, "y": 0, "w": 74, "h": 72 },
    "sourceSize": { "w": 74, "h": 72 },
    "duration": 100
   },
   {
    "filename": "EDU HOUR OF CODE (HOVER FG) #HOVER 59.aseprite",
    "frame": { "x": 74, "y": 0, "w": 74, "h": 72 },
    "rotated": false,
    "trimmed": false,
    "spriteSourceSize": { "x": 0, "y": 0, "w": 74, "h": 72 },
    "sourceSize": { "w": 74, "h": 72 },
    "duration": 100
   },
   {
    "filename": "EDU HOUR OF CODE (HOVER FG) #HOVER 60.aseprite",
    "frame": { "x": 74, "y": 0, "w": 74, "h": 72 },
    "rotated": false,
    "trimmed": false,
    "spriteSourceSize": { "x": 0, "y": 0, "w": 74, "h": 72 },
    "sourceSize": { "w": 74, "h": 72 },
    "duration": 100
   },
   {
    "filename": "EDU HOUR OF CODE (HOVER FG) #HOVER 61.aseprite",
    "frame": { "x": 0, "y": 0, "w": 74, "h": 72 },
    "rotated": false,
    "trimmed": false,
    "spriteSourceSize": { "x": 0, "y": 0, "w": 74, "h": 72 },
    "sourceSize": { "w": 74, "h": 72 },
    "duration": 100
   },
   {
    "filename": "EDU HOUR OF CODE (HOVER FG) #HOVER 62.aseprite",
    "frame": { "x": 0, "y": 0, "w": 74, "h": 72 },
    "rotated": false,
    "trimmed": false,
    "spriteSourceSize": { "x": 0, "y": 0, "w": 74, "h": 72 },
    "sourceSize": { "w": 74, "h": 72 },
    "duration": 100
   },
   {
    "filename": "EDU HOUR OF CODE (HOVER FG) #HOVER 63.aseprite",
    "frame": { "x": 0, "y": 0, "w": 74, "h": 72 },
    "rotated": false,
    "trimmed": false,
    "spriteSourceSize": { "x": 0, "y": 0, "w": 74, "h": 72 },
    "sourceSize": { "w": 74, "h": 72 },
    "duration": 100
   },
   {
    "filename": "EDU HOUR OF CODE (HOVER FG) #HOVER 64.aseprite",
    "frame": { "x": 0, "y": 0, "w": 74, "h": 72 },
    "rotated": false,
    "trimmed": false,
    "spriteSourceSize": { "x": 0, "y": 0, "w": 74, "h": 72 },
    "sourceSize": { "w": 74, "h": 72 },
    "duration": 100
   }
 ],
 "meta": {
  "app": "https://www.aseprite.org/",
  "version": "1.3.8.1-x64",
  "image": "fg_hover_right_middle.png",
  "format": "RGBA8888",
  "size": { "w": 1628, "h": 72 },
  "scale": "1"
 }
}
