{
  "namespace": "edu_featured",

  "featured_button_content": {
    "type": "panel",
    "controls": [
      {
        "button_label@common_buttons.new_ui_binding_button_label": {
          "layer": 50
        }
      },

      {
        "left_default@edu_featured.left_default_animation": {
          "ignored": "(not $default_state)",

          "anchor_from": "bottom_left",
          "anchor_to": "bottom_left",
          "offset": [ -20, 5 ],
          "layer": 10
        }
      },
      {
        "left_hover@edu_featured.left_hover_animation": {
          "ignored": "$default_state",

          "anchor_from": "bottom_left",
          "anchor_to": "bottom_left",
          "offset": [ -20, 5 ],
          "layer": 10
        }
      },
      {
        "right_default@edu_featured.right_default_animation": {
          "ignored": "(not $default_state)",

          "anchor_from": "bottom_right",
          "anchor_to": "bottom_right",
          "offset": [ 20, 5 ],
          "layer": 20
        }
      },
      {
        "right_hover@edu_featured.right_hover_animation": {
          "ignored": "$default_state",

          "anchor_from": "bottom_right",
          "anchor_to": "bottom_right",
          "offset": [ 20, 5 ],
          "layer": 20
        }
      }
    ]
  },

  // left animation default state
  "left_default_animation_def": {
    "anim_type": "aseprite_flip_book",
    "initial_uv": [ 0, 0 ]
  },

  "left_default_animation": {
    "type": "image",
    "texture": "textures/ui/left_default",
    "size": [44, 34],
    "uv_size": [44, 34],
    "uv": "@edu_featured.left_default_animation_def",
    "disable_anim_fast_forward": true
  },

  // left animation interaction state
  "left_hover_animation_def": {
    "anim_type": "aseprite_flip_book",
    "initial_uv": [ 0, 0 ]
  },

  "left_hover_animation": {
    "type": "image",
    "texture": "textures/ui/left_hover",
    "size": [44, 34],
    "uv_size": [44, 34],
    "uv": "@edu_featured.left_hover_animation_def",
    "disable_anim_fast_forward": true
  },

  // right animation default state
  "right_default_animation_def": {
    "anim_type": "aseprite_flip_book",
    "initial_uv": [ 0, 0 ]
  },

  "right_default_animation": {
    "type": "image",
    "texture": "textures/ui/right_default",
    "size": [44, 34],
    "uv_size": [44, 34],
    "uv": "@edu_featured.right_default_animation_def",
    "disable_anim_fast_forward": true
  },

  // right animation interaction state
  "right_hover_animation_def": {
    "anim_type": "aseprite_flip_book",
    "initial_uv": [ 0, 0 ]
  },

  "right_hover_animation": {
    "type": "image",
    "texture": "textures/ui/right_hover",
    "size": [44, 34],
    "uv_size": [44, 34],
    "uv": "@edu_featured.right_hover_animation_def",
    "disable_anim_fast_forward": true
  },

  // Button definition (used in start_screen.json)
  "featured_button@common_buttons.light_content_button": {
    "$button_content": "edu_featured.featured_button_content",

    // Background textures
    "$default_button_texture": "textures/ui/treatment_button_borderless_light",
    "$hover_button_texture": "textures/ui/treatment_button_borderless_lighthover",
    "$pressed_button_texture": "textures/ui/treatment_button_borderless_lightpressed",

    // Text colors
    "$default_text_color": [ 0, 0, 0 ],
    "$light_button_hover_text_color": [ 1, 1, 1 ],
    "$light_button_pressed_text_color": [ 1, 1, 1 ],

    // Border colors
    "$light_border_default_color": [ 0.075, 0.075, 0.075 ],
    "$light_border_hover_color": [ 1, 1, 1 ],
    "$light_border_pressed_color": [ 0.9, 0.9, 0.9 ],

    // Button name (for EDU will only be "button.featured_category")
    "$pressed_button_name": "button.featured_category",

    // Button text (newAndFeatured.name is defined in the resource pack)
    "$button_text": "newAndFeatured.name",

    // Required for button text to function
    "$button_text_binding_type": "none",
    "$button_binding_condition": "none",
    "$button_text_grid_collection_name": "",

    // Without this the button contents will shift down slightly when clicked
    // to simulate a button being pressed. By setting to [ 0, 0 ], the contents
    // will not move when pressed.
    "$button_pressed_offset": [0, 0],

    "property_bag": {
      "#category": "new_featured"
    }
  }
}
